id_match,Team,1 pos.,2 pos.,3 pos.,4 pos.,5 pos.
6077315496,Hellbear Smashers,Phantom Lancer,Lina,Axe,Hoodwink,Winter Wyvern
6077315496,Nigma,Gyrocopter,Templar Assassin,Tidehunter,Phoenix,Io
6054721399,Team Spirit,Luna,Razor,Dragon Knight,Hoodwink,Phoenix
6054721399,Winstrike Team,Ursa,Templar Assassin,Axe,Mirana,Winter Wyvern
6055237921,NoPing Esports,Lifestealer,Invoker,Dragon Knight,Ancient Apparition,Rubick
6055237921,Infinity,Medusa,Void Spirit,Dark Seer,Nyx Assassin,Dark Willow
6044531562,AS Monaco Gambit,Terrorblade,Puck,Dragon Knight,Lion,Clockwerk
6044531562,OG,Leshrac,Pangolier,Dark Seer,Elder Titan,Nyx Assassin
6066863360,The Cut,Spectre,Ember Spirit,Mars,Luna,Treant Protector
6066863360,Undying,Terrorblade,Magnus,Sand King,Hoodwink,Ancient Apparition
6055337374,Infinity,Wraith King,Void Spirit,Centaur Warrunner,Phoenix,Dark Willow
6055337374,NoPing Esports,Terrorblade,Invoker,Tidehunter,Winter Wyvern,Mirana
6077053276,Elephant,Medusa,Nature's Prophet,Dragon Knight,Mirana,Elder Titan
6077053276,Team Magma,Wraith King,Puck,Slardar,Ancient Apparition,Io
6054789053,Team Spirit,Phantom Assassin,Tiny,Magnus,Phoenix,Dark Willow
6054789053,Winstrike Team,Spectre,Doom,Dragon Knight,Winter Wyvern,Lion
6077391412,Hellbear Smashers,Terrorblade,Storm Spirit,Dragon Knight,Hoodwink,Phoenix
6077391412,Nigma,Timbersaw,Templar Assassin,Drow Ranger,Enchantress,Nyx Assassin
6044632445,AS Monaco Gambit,Dragon Knight,Puck,Drow Ranger,Lion,Bane
6044632445,OG,Tidehunter,Void Spirit,Nature's Prophet,Ancient Apparition,Mirana
6066937635,The Cut,Leshrac,Kunkka,Sand King,Winter Wyvern,Mirana
6066937635,Undying,Spectre,Invoker,Broodmother,Hoodwink,Enchantress
6055416325,Infinity,Medusa,Kunkka,Sand King,Hoodwink,Nyx Assassin
6055416325,NoPing Esports,Arc Warden,Tiny,Tidehunter,Winter Wyvern,Mirana
6065946205,Team SMG,Axe,Death Prophet,Dragon Knight,Ancient Apparition,Lina
6065946205,TNC Predator,Spectre,Kunkka,Broodmother,Phoenix,Lion
6023110186,Team Secret,Ursa,Puck,Broodmother,Bane,Rubick
6023110186,AS Monaco Gambit,Troll Warlord,Tiny,Legion Commander,Nyx Assassin,Snapfire
6077093828,Team Magma,Razor,Lina,Mars,Abaddon,Lion
6077093828,Elephant,Wraith King,Invoker,Dragon Knight,Hoodwink,Winter Wyvern
6077451521,Hellbear Smashers,Phantom Lancer,Mirana,Dragon Knight,Hoodwink,Ancient Apparition
6077451521,Nigma,Terrorblade,Ember Spirit,Timbersaw,Phoenix,Nyx Assassin
6055504299,Unknown Team,Faceless Void,Bristleback,Sand King,Ancient Apparition,Hoodwink
6055504299,Hokori,Luna,Ember Spirit,Viper,Undying,Nyx Assassin
6044541398,Team Unique,Terrorblade,Razor,Axe,Hoodwink,Dark Willow
6044541398,Alliance,Spectre,Viper,Brewmaster,Lion,Winter Wyvern
6066006419,TNC Predator,Faceless Void,Dragon Knight,Viper,Phoenix,Tusk
6066006419,Team SMG,Medusa,Riki,Brewmaster,Lion,Enchantress
6054858761,Team Unique,Luna,Dragon Knight,Death Prophet,Phoenix,Lion
6054858761,PuckChamp,Lifestealer,Windranger,Pangolier,Undying,Winter Wyvern
6044650765,Alliance,Wraith King,Death Prophet,Dragon Knight,Nyx Assassin,Hoodwink
6044650765,Team Unique,Doom,Leshrac,Broodmother,Winter Wyvern,Lion
6023211594,AS Monaco Gambit,Luna,Morphling,Bloodseeker,Dark Willow,Treant Protector
6023211594,Team Secret,Medusa,Void Spirit,Timbersaw,Crystal Maiden,Windranger
6067141029,bumble bEE's,Razor,Ember Spirit,Leshrac,Treant Protector,Nyx Assassin
6067141029,Black N Yellow,Phantom Lancer,Dragon Knight,Timbersaw,Mirana,Ancient Apparition
6077539956,ViKin.gg,Axe,Invoker,Broodmother,Ancient Apparition,Clockwerk
6077539956,OG,Leshrac,Earth Spirit,Magnus,Oracle,Lina
6055650884,Hokori,Faceless Void,Ember Spirit,Timbersaw,Shadow Shaman,Ancient Apparition
6055650884,Unknown Team,Medusa,Void Spirit,Doom,Lion,Viper
6044798651,Nigma,Morphling,Puck,Axe,Brewmaster,Io
6044798651,ViKin.gg,Faceless Void,Magnus,Timbersaw,Abaddon,Lion
6077139580,LBZS,Wraith King,Lina,Mars,Tusk,Grimstroke
6077139580,Royal Never Give Up,Spectre,Invoker,Doom,Lion,Brewmaster
6077673723,ViKin.gg,Axe,Lina,Venomancer,Ancient Apparition,Dragon Knight
6077673723,OG,Medusa,Puck,Alchemist,Clockwerk,Lion
6054960498,PuckChamp,Terrorblade,Death Prophet,Pangolier,Lion,Clockwerk
6054960498,Team Unique,Faceless Void,Lina,Dragon Knight,Winter Wyvern,Hoodwink
6023332232,Execration,Wraith King,Puck,Axe,Ancient Apparition,Tiny
6023332232,INVICTUS GAMING,Juggernaut,Magnus,Dark Seer,Nyx Assassin,Disruptor
6044912534,Nigma,Gyrocopter,Lina,Leshrac,Phoenix,Io
6044912534,ViKin.gg,Ursa,Storm Spirit,Razor,Abaddon,Snapfire
6067239305,D2 Hustlers,Terrorblade,Puck,Legion Commander,Winter Wyvern,Ancient Apparition
6067239305,Simply TOOBASED,Axe,Storm Spirit,Underlord,Mirana,Hoodwink
6077783362,ViKin.gg,Spectre,Death Prophet,Dragon Knight,Abaddon,Lion
6077783362,OG,Drow Ranger,Razor,Alchemist,Oracle,Lina
6055707837,EGOBOYS,Naga Siren,Nature's Prophet,Axe,Lina,Phoenix
6055707837,Infamous Gaming,Spectre,Invoker,Bloodseeker,Mirana,Abaddon
6023444829,INVICTUS GAMING,Morphling,Void Spirit,Mars,Phoenix,Disruptor
6023444829,Execration,Faceless Void,Invoker,Magnus,Treant Protector,Lina
6077881639,Brame,Wraith King,Magnus,Elder Titan,Hoodwink,Shadow Demon
6077881639,Tundra Esports,Luna,Void Spirit,Viper,Abaddon,Clockwerk
6055758217,Infamous Gaming,Medusa,Snapfire,Night Stalker,Tusk,Abaddon
6055758217,EGOBOYS,Spectre,Leshrac,Dark Seer,Earth Spirit,Ancient Apparition
6077183859,LBZS,Luna,Templar Assassin,Legion Commander,Lion,Undying
6077183859,Royal Never Give Up,Spectre,Kunkka,Mars,Mirana,Brewmaster
6067296131,D2 Hustlers,Phantom Lancer,Puck,Axe,Lina,Abaddon
6067296131,Simply TOOBASED,Luna,Tiny,Leshrac,Earth Spirit,Ancient Apparition
6044800348,Tundra Esports,Medusa,Winter Wyvern,Dragon Knight,Undying,Grimstroke
6044800348,Team Liquid,Chaos Knight,Invoker,Timbersaw,Sand King,Snapfire
6023673163,Team Secret,Morphling,Troll Warlord,Magnus,Treant Protector,Rubick
6023673163,Vici Gaming,Faceless Void,Templar Assassin,Slardar,Snapfire,Dark Willow
6077992719,Tundra Esports,Terrorblade,Invoker,Batrider,Abaddon,Mirana
6077992719,Brame,Drow Ranger,Templar Assassin,Timbersaw,Viper,Shadow Demon
6055051894,EXTREMUM,Luna,Leshrac,Broodmother,Hoodwink,Clockwerk
6055051894,Natus Vincere,Monkey King,Templar Assassin,Dragon Knight,Ancient Apparition,Dark Willow
6055787041,EGOBOYS,Troll Warlord,Storm Spirit,Mars,Dark Willow,Elder Titan
6055787041,Infamous Gaming,Gyrocopter,Snapfire,Slardar,Earth Spirit,Treant Protector
6044920853,Tundra Esports,Dragon Knight,Mars,Chaos Knight,Ancient Apparition,Snapfire
6044920853,Team Liquid,Axe,Drow Ranger,Leshrac,Mirana,Clockwerk
6066057020,Team SMG,Medusa,Leshrac,Bloodseeker,Lion,Tusk
6066057020,TNC Predator,Terrorblade,Puck,Dragon Knight,Phoenix,Grimstroke
6023752731,INVICTUS GAMING,Faceless Void,Ember Spirit,Broodmother,Lion,Ancient Apparition
6023752731,Nigma,Tidehunter,Templar Assassin,Dark Seer,Shadow Demon,Dark Willow
6067345961,D2 Hustlers,Juggernaut,Magnus,Axe,Winter Wyvern,Lich
6067345961,Simply TOOBASED,Luna,Sand King,Death Prophet,Nyx Assassin,Phoenix
6078068597,Spider Pigzs,Luna,Zeus,Mars,Hoodwink,Mirana
6078068597,Team Liquid,Terrorblade,Monkey King,Sand King,Rubick,Enchantress
6023828679,INVICTUS GAMING,Spectre,Shadow Fiend,Centaur Warrunner,Lion,Warlock
6023828679,Nigma,Ursa,Morphling,Dragon Knight,Ancient Apparition,Tusk
6045055332,Virtus.pro,Wraith King,Puck,Timbersaw,Lion,Winter Wyvern
6045055332,OG,Spectre,Void Spirit,Earthshaker,Elder Titan,Hoodwink
6055153086,Natus Vincere,Faceless Void,Invoker,Axe,Phoenix,Hoodwink
6055153086,EXTREMUM,Drow Ranger,Lina,Timbersaw,Disruptor,Enchantress
6055832598,BINOMISTAS,Gyrocopter,Tiny,Dragon Knight,Elder Titan,Hoodwink
6055832598,SG esports,Medusa,Leshrac,Mars,Oracle,Nyx Assassin
6078141185,Spider Pigzs,Luna,Pangolier,Mars,Treant Protector,Keeper of the Light
6078141185,Team Liquid,Faceless Void,Lone Druid,Slardar,Ancient Apparition,Snapfire
6077244824,Sparking Arrow Gaming,Spectre,Lina,Sand King,Viper,Pangolier
6077244824,phoenix gaming,Terrorblade,Dragon Knight,Kunkka,Rubick,Grimstroke
6066123606,BOOM Esports,Axe,Kunkka,Dark Seer,Phoenix,Tusk
6066123606,Execration,Juggernaut,Invoker,Dragon Knight,Ancient Apparition,Mirana
6023084699,Nigma,Lycan,Morphling,Dark Seer,Snapfire,Clockwerk
6023084699,Vici Gaming,Faceless Void,Void Spirit,Doom,Earth Spirit,Grimstroke
6045126712,OG,Axe,Invoker,Phoenix,Grimstroke,Nature's Prophet
6045126712,Virtus.pro,Viper,Templar Assassin,Kunkka,Enchantress,Abaddon
6078222051,Spider Pigzs,Juggernaut,Viper,Pangolier,Hoodwink,Lion
6078222051,Team Liquid,Terrorblade,Razor,Mars,Keeper of the Light,Phoenix
6055874096,BINOMISTAS,Morphling,Sand King,Leshrac,Abaddon,Lion
6055874096,SG esports,Terrorblade,Mars,Dragon Knight,Clockwerk,Phoenix
6023208208,Vici Gaming,Spectre,Tiny,Centaur Warrunner,Grimstroke,Shadow Shaman
6023208208,Nigma,Ursa,Puck,Mars,Ancient Apparition,Dark Willow
6066192587,Execration,Morphling,Invoker,Axe,Elder Titan,Mirana
6066192587,BOOM Esports,Medusa,Templar Assassin,Tidehunter,Clockwerk,Phoenix
6079489926,Nigma,Lifestealer,Lina,Mars,Hoodwink,Winter Wyvern
6079489926,OG,Leshrac,Pangolier,Axe,Chen,Dark Willow
6045050854,Team Secret,Troll Warlord,Leshrac,Dark Seer,Winter Wyvern,Nyx Assassin
6045050854,Alliance,Terrorblade,Tiny,Tidehunter,Lina,Hoodwink
6067392464,Arkosh Gaming,Phantom Lancer,Puck,Dark Seer,Mirana,Mars
6067392464,4 Zoomers,Terrorblade,Invoker,Sand King,Phoenix,Skywrath Mage
6055285271,HellRaisers,Ursa,Puck,Sand King,Grimstroke,Hoodwink
6055285271,AS Monaco Gambit,Faceless Void,Lina,Dragon Knight,Phoenix,Nyx Assassin
6055922132,SG esports,Terrorblade,Templar Assassin,Mars,Clockwerk,Mirana
6055922132,BINOMISTAS,Juggernaut,Dragon Knight,Dark Seer,Disruptor,Lion
6077304142,Sparking Arrow Gaming,Sven,Invoker,Dark Seer,Phoenix,Axe
6077304142,phoenix gaming,Morphling,Leshrac,Dragon Knight,Lion,Abaddon
6023330168,AS Monaco Gambit,Naga Siren,Storm Spirit,Viper,Nyx Assassin,Snapfire
6023330168,Nigma,Lifestealer,Morphling,Mars,Ancient Apparition,Tusk
6066239914,BOOM Esports,Riki,Windranger,Mars,Grimstroke,Mirana
6066239914,Execration,Phantom Lancer,Puck,Underlord,Phoenix,Earth Spirit
6079555406,Nigma,Luna,Tiny,Centaur Warrunner,Lion,Io
6079555406,OG,Chaos Knight,Puck,Dark Seer,Ancient Apparition,Clockwerk
6023437931,Nigma,Terrorblade,Invoker,Dark Seer,Chen,Nyx Assassin
6023437931,AS Monaco Gambit,Faceless Void,Lina,Viper,Earth Spirit,Ancient Apparition
6067439307,4 Zoomers,Mars,Ember Spirit,Terrorblade,Phoenix,Dark Willow
6067439307,Arkosh Gaming,Axe,Storm Spirit,Dark Seer,Dragon Knight,Ancient Apparition
6079627423,Nigma,Nature's Prophet,Templar Assassin,Tidehunter,Lion,Nyx Assassin
6079627423,OG,Magnus,Pangolier,Beastmaster,Chen,Hoodwink
6045131188,Alliance,Sven,Viper,Timbersaw,Nyx Assassin,Dark Willow
6045131188,Team Secret,Luna,Puck,Pangolier,Chen,Lion
6055381507,AS Monaco Gambit,Terrorblade,Invoker,Phoenix,Dragon Knight,Nyx Assassin
6055381507,HellRaisers,Drow Ranger,Viper,Broodmother,Earth Spirit,Elder Titan
6023574998,Execration,Phantom Lancer,Windranger,Broodmother,Disruptor,Rubick
6023574998,AS Monaco Gambit,Gyrocopter,Morphling,Dark Seer,Nyx Assassin,Treant Protector
6077363253,phoenix gaming,Wraith King,Leshrac,Brewmaster,Lion,Elder Titan
6077363253,Sparking Arrow Gaming,Luna,Invoker,Doom,Hoodwink,Pangolier
6066339778,Ωmega Esports,Monkey King,Lina,Axe,Lion,Mirana
6066339778,Fnatic,Medusa,Puck,Legion Commander,Clockwerk,Ancient Apparition
6067490075,Arkosh Gaming,Spectre,Puck,Leshrac,Hoodwink,Kunkka
6067490075,4 Zoomers,Medusa,Ember Spirit,Tidehunter,Rubick,Phoenix
6057365632,Unknown Team,Gyrocopter,Doom,Dark Seer,Hoodwink,Tusk
6057365632,Infinity,Spectre,Ember Spirit,Tidehunter,Phoenix,Oracle
6066411685,Fnatic,Axe,Leshrac,Slardar,Winter Wyvern,Phoenix
6066411685,Ωmega Esports,Lifestealer,Storm Spirit,Dragon Knight,Lion,Lina
6055443093,HellRaisers,Medusa,Lina,Magnus,Shadow Demon,Rubick
6055443093,AS Monaco Gambit,Faceless Void,Templar Assassin,Viper,Nyx Assassin,Warlock
6045945211,T1,Wraith King,Leshrac,Tidehunter,Winter Wyvern,Nyx Assassin
6045945211,ViKin.gg,Spectre,Dragon Knight,Pangolier,Enchantress,Hoodwink
6057400901,Unknown Team,Terrorblade,Ember Spirit,Brewmaster,Witch Doctor,Hoodwink
6057400901,Infinity,Luna,Void Spirit,Dark Seer,Tusk,Viper
6023662185,AS Monaco Gambit,Lifestealer,Storm Spirit,Timbersaw,Lion,Enchantress
6023662185,Execration,Anti-Mage,Leshrac,Bloodseeker,Warlock,Nyx Assassin
6066544589,Ωmega Esports,Phantom Assassin,Leshrac,Axe,Nyx Assassin,Hoodwink
6066544589,Fnatic,Spectre,Puck,Venomancer,Earth Spirit,Ancient Apparition
6077441055,EHOME,Medusa,Void Spirit,Axe,Phoenix,Lion
6077441055,Aster.Aries,Morphling,Puck,Bristleback,Mirana,Elder Titan
6046047547,T1,Spectre,Razor,Dragon Knight,Winter Wyvern,Mirana
6046047547,ViKin.gg,Luna,Invoker,Timbersaw,Enchantress,Hoodwink
6057150378,PuckChamp,Axe,Death Prophet,Batrider,Winter Wyvern,Lion
6057150378,Team Spirit,Templar Assassin,Lina,Dragon Knight,Hoodwink,Phoenix
6068967778,Undying,Drow Ranger,Morphling,Sand King,Hoodwink,Ancient Apparition
6068967778,Black N Yellow,Anti-Mage,Lina,Viper,Nyx Assassin,Lion
6057442840,Unknown Team,Luna,Ember Spirit,Sand King,Ancient Apparition,Snapfire
6057442840,Infinity,Spectre,Tiny,Tidehunter,Phoenix,Oracle
6066656279,OB.Neon,Phantom Assassin,Sand King,Timbersaw,Mirana,Viper
6066656279,Motivate.Trust Gaming,Bloodseeker,Storm Spirit,Terrorblade,Abaddon,Hoodwink
6023755332,Execration,Slark,Tiny,Mars,Elder Titan,Snapfire
6023755332,Vici Gaming,Juggernaut,Ember Spirit,Broodmother,Grimstroke,Shadow Demon
6079318907,Team Liquid,Luna,Storm Spirit,Mars,Warlock,Hoodwink
6079318907,Tundra Esports,Terrorblade,Lina,Broodmother,Nyx Assassin,Mirana
6066807874,OB.Neon,Bristleback,Leshrac,Broodmother,Lion,Nyx Assassin
6066807874,Motivate.Trust Gaming,Magnus,Tiny,Spectre,Clockwerk,Mirana
6077528757,Aster.Aries,Luna,Templar Assassin,Kunkka,Hoodwink,Clockwerk
6077528757,EHOME,Spectre,Razor,Mars,Lion,Dark Willow
6056680187,Natus Vincere,Naga Siren,Puck,Axe,Ancient Apparition,Lion
6056680187,HellRaisers,Luna,Lina,Mars,Techies,Shadow Demon
6068770727,4 Zoomers,Wraith King,Ember Spirit,Tidehunter,Phoenix,Mirana
6068770727,Simply TOOBASED,Gyrocopter,Mars,Leshrac,Earth Spirit,Ancient Apparition
6057256535,SG esports,Terrorblade,Batrider,Dragon Knight,Clockwerk,Mirana
6057256535,EGOBOYS,Wraith King,Doom,Dark Seer,Nyx Assassin,Grimstroke
6068152791,BOOM Esports,Medusa,Lina,Tidehunter,Clockwerk,Phoenix
6068152791,TNC Predator,Terrorblade,Kunkka,Death Prophet,Oracle,Lion
6045945212,Quincy Crew,Drow Ranger,Void Spirit,Viper,Tiny,Winter Wyvern
6045945212,Tundra Esports,Luna,Invoker,Dragon Knight,Ancient Apparition,Clockwerk
6023821096,Execration,Leshrac,Templar Assassin,Dark Seer,Grimstroke,Nyx Assassin
6023821096,Vici Gaming,Ursa,Void Spirit,Chaos Knight,Elder Titan,Lion
6068281552,BOOM Esports,Juggernaut,Templar Assassin,Centaur Warrunner,Lion,Phoenix
6068281552,TNC Predator,Spectre,Razor,Death Prophet,Snapfire,Nyx Assassin
6068828802,4 Zoomers,Terrorblade,Storm Spirit,Mars,Winter Wyvern,Lina
6068828802,Simply TOOBASED,Spectre,Sand King,Timbersaw,Rubick,Ancient Apparition
6079100944,Elephant,Troll Warlord,Leshrac,Doom,Hoodwink,Elder Titan
6079100944,Royal Never Give Up,Lifestealer,Templar Assassin,Broodmother,Lion,Undying
6057304856,EGOBOYS,Spectre,Storm Spirit,Timbersaw,Dark Willow,Abaddon
6057304856,SG esports,Luna,Dragon Knight,Doom,Elder Titan,Mirana
6067731910,Fnatic,Gyrocopter,Templar Assassin,Bloodseeker,Lion,Io
6067731910,OB.Neon,Nature's Prophet,Invoker,Timbersaw,Mirana,Clockwerk
6079411610,Tundra Esports,Terrorblade,Batrider,Tidehunter,Abaddon,Mirana
6079411610,Team Liquid,Monkey King,Templar Assassin,Sand King,Enchantress,Leshrac
6056941914,Natus Vincere,Morphling,Invoker,Doom,Abaddon,Lion
6056941914,HellRaisers,Medusa,Viper,Elder Titan,Earth Spirit,Witch Doctor
6068880793,4 Zoomers,Medusa,Morphling,Centaur Warrunner,Elder Titan,Dark Willow
6068880793,Simply TOOBASED,Luna,Puck,Axe,Hoodwink,Phoenix
6024546902,AS Monaco Gambit,Medusa,Storm Spirit,Underlord,Tiny,Snapfire
6024546902,Vici Gaming,Wraith King,Templar Assassin,Timbersaw,Earth Spirit,Ancient Apparition
6067814637,OB.Neon,Nature's Prophet,Zeus,Leshrac,Nyx Assassin,Tusk
6067814637,Fnatic,Terrorblade,Dragon Knight,Tidehunter,Lion,Ancient Apparition
6070369341,Undying,Morphling,Dragon Knight,Doom,Mirana,Ancient Apparition
6070369341,4 Zoomers,Spectre,Ember Spirit,Tidehunter,Skywrath Mage,Phoenix
6079209111,Elephant,Juggernaut,Kunkka,Death Prophet,Earth Spirit,Winter Wyvern
6079209111,Royal Never Give Up,Arc Warden,Invoker,Tidehunter,Lion,Viper
6058770520,SG esports,Anti-Mage,Magnus,Dragon Knight,Oracle,Mirana
6058770520,Infinity,Medusa,Void Spirit,Axe,Phoenix,Abaddon
6046061195,Tundra Esports,Lifestealer,Puck,Timbersaw,Ancient Apparition,Nyx Assassin
6046061195,Quincy Crew,Spectre,Ember Spirit,Viper,Earth Spirit,Lion
6067890712,OB.Neon,Phantom Lancer,Ember Spirit,Death Prophet,Nyx Assassin,Ancient Apparition
6067890712,Fnatic,Terrorblade,Leshrac,Legion Commander,Lion,Abaddon
6058324141,Team Spirit,Templar Assassin,Leshrac,Timbersaw,Oracle,Nyx Assassin
6058324141,HellRaisers,Luna,Lina,Magnus,Shadow Demon,Winter Wyvern
6070412895,4 Zoomers,Sand King,Doom,Luna,Phoenix,Nyx Assassin
6070412895,Undying,Axe,Lina,Broodmother,Shadow Demon,Ancient Apparition
6024639368,AS Monaco Gambit,Gyrocopter,Morphling,Pangolier,Shadow Demon,Treant Protector
6024639368,Vici Gaming,Faceless Void,Leshrac,Centaur Warrunner,Dark Willow,Abaddon
6069479087,Fnatic,Luna,Leshrac,Tidehunter,Nyx Assassin,Abaddon
6069479087,TNC Predator,Lifestealer,Puck,Dragon Knight,Lion,Grimstroke
6078760980,EHOME,Clinkz,Templar Assassin,Bloodseeker,Lion,Lina
6078760980,Sparking Arrow Gaming,Medusa,Razor,Sand King,Phoenix,Pangolier
6068423829,The Cut,Luna,Death Prophet,Mars,Treant Protector,Hoodwink
6068423829,DogChamp,Lifestealer,Templar Assassin,Pangolier,Oracle,Techies
6058842112,SG esports,Wraith King,Bristleback,Axe,Oracle,Mirana
6058842112,Infinity,Spectre,Puck,Tidehunter,Nyx Assassin,Winter Wyvern
6058468809,HellRaisers,Phantom Lancer,Lina,Magnus,Earth Spirit,Abaddon
6058468809,Team Spirit,Terrorblade,Dragon Knight,Tidehunter,Winter Wyvern,Mirana
6046161478,Quincy Crew,Luna,Viper,Tidehunter,Phoenix,Nyx Assassin
6046161478,Tundra Esports,Wraith King,Lina,Dragon Knight,Ancient Apparition,Winter Wyvern
6065949277,Army Geniuses,Terrorblade,Doom,Slardar,Lion,Abaddon
6065949277,496 Gaming,Riki,Ember Spirit,Viper,Grimstroke,Nyx Assassin
6080708496,Tundra Esports,Luna,Winter Wyvern,Broodmother,Nyx Assassin,Mirana
6080708496,OG,Bristleback,Void Spirit,Magnus,Keeper of the Light,Lina
6078816994,Sparking Arrow Gaming,Arc Warden,Lina,Axe,Hoodwink,Nyx Assassin
6078816994,EHOME,Medusa,Templar Assassin,Legion Commander,Clockwerk,Phoenix
6068477024,The Cut,Slark,Leshrac,Centaur Warrunner,Nyx Assassin,Jakiro
6068477024,DogChamp,Lifestealer,Templar Assassin,Dragon Knight,Abaddon,Hoodwink
6047370399,Virtus.pro,Terrorblade,Invoker,Timbersaw,Enchantress,Disruptor
6047370399,Alliance,Spectre,Leshrac,Mars,Dark Willow,Hoodwink
6056749425,NoPing Esports,Sven,Tiny,Timbersaw,Oracle,Rubick
6056749425,Interitus,Axe,Lina,Dragon Knight,Ancient Apparition,Hoodwink
6058592191,HellRaisers,Medusa,Zeus,Axe,Phoenix,Elder Titan
6058592191,Team Spirit,Faceless Void,Lina,Magnus,Death Prophet,Shadow Demon
6080808402,Tundra Esports,Terrorblade,Razor,Tidehunter,Abaddon,Mirana
6080808402,OG,Leshrac,Arc Warden,Alchemist,Oracle,Lion
6080108469,EHOME,Luna,Templar Assassin,Beastmaster,Winter Wyvern,Hoodwink
6080108469,Elephant,Medusa,Death Prophet,Mars,Nyx Assassin,Phoenix
6065999387,496 Gaming,Lifestealer,Tiny,Tidehunter,Ancient Apparition,Earth Spirit
6065999387,Army Geniuses,Luna,Windranger,Dragon Knight,Disruptor,Mirana
6047454799,Alliance,Juggernaut,Puck,Magnus,Leshrac,Winter Wyvern
6047454799,Virtus.pro,Wraith King,Invoker,Axe,Enchantress,Disruptor
6068551967,The Cut,Razor,Puck,Timbersaw,Lion,Treant Protector
6068551967,DogChamp,Sven,Dragon Knight,Hoodwink,Abaddon,Rubick
6024839000,Nigma,Anti-Mage,Invoker,Mars,Lion,Elder Titan
6024839000,Execration,Queen of Pain,Morphling,Tidehunter,Warlock,Dark Willow
6047550708,Virtus.pro,Luna,Zeus,Timbersaw,Lion,Winter Wyvern
6047550708,Alliance,Terrorblade,Lina,Tidehunter,Nyx Assassin,Hoodwink
6080181199,Elephant,Terrorblade,Leshrac,Legion Commander,Mirana,Winter Wyvern
6080181199,EHOME,Morphling,Templar Assassin,Tidehunter,Phoenix,Hoodwink
6056852885,Interitus,Gyrocopter,Puck,Axe,Winter Wyvern,Mirana
6056852885,NoPing Esports,Terrorblade,Tiny,Centaur Warrunner,Leshrac,Abaddon
6024951129,Nigma,Gyrocopter,Razor,Mars,Lion,Io
6024951129,Team Secret,Lone Druid,Templar Assassin,Axe,Enchantress,Snapfire
6054718020,NoTechies,Spectre,Puck,Timbersaw,Lion,Hoodwink
6054718020,B8,Luna,Leshrac,Tidehunter,Winter Wyvern,Nyx Assassin
6047661988,Quincy Crew,Morphling,Puck,Hoodwink,Axe,Phoenix
6047661988,T1,Timbersaw,Dragon Knight,Terrorblade,Lion,Snapfire
6066046273,Team Mystery,Luna,Ember Spirit,Dragon Knight,Nyx Assassin,Lina
6066046273,Galaxy Racer Esports,Lifestealer,Kunkka,Leshrac,Undying,Lion
6080247712,EHOME,Phantom Assassin,Lina,Doom,Elder Titan,Enchantress
6080247712,Elephant,Axe,Invoker,Death Prophet,Mirana,Phoenix
6068629992,5ManMidas,Luna,Death Prophet,Mars,Dark Willow,Oracle
6068629992,D2 Hustlers,Terrorblade,Tiny,Sand King,Lina,Ancient Apparition
6047788894,T1,Lifestealer,Puck,Doom,Lion,Winter Wyvern
6047788894,Quincy Crew,Terrorblade,Death Prophet,Centaur Warrunner,Enchantress,Witch Doctor
6025172903,Team Secret,Ursa,Dragon Knight,Underlord,Grimstroke,Skywrath Mage
6025172903,Nigma,Spectre,Puck,Dark Seer,Winter Wyvern,Io
6077316325,Chicken Fighters,Drow Ranger,Puck,Faceless Void,Snapfire,Abaddon
6077316325,No Bounty Hunter,Terrorblade,Void Spirit,Viper,Winter Wyvern,Earth Spirit
6049229017,Virtus.pro,Phantom Lancer,Razor,Centaur Warrunner,Enchantress,Winter Wyvern
6049229017,T1,Monkey King,Viper,Leshrac,Phoenix,Nyx Assassin
6056746655,Latam Defenders,Troll Warlord,Ember Spirit,Centaur Warrunner,Tiny,Lion
6056746655,Hokori,Terrorblade,Bristleback,Slardar,Hoodwink,Treant Protector
6054797926,B8,Phantom Lancer,Invoker,Magnus,Enchantress,Winter Wyvern
6054797926,NoTechies,Juggernaut,Templar Assassin,Pudge,Grimstroke,Lion
6025259930,INVICTUS GAMING,Timbersaw,Leshrac,Wraith King,Lion,Elder Titan
6025259930,Team Secret,Monkey King,Templar Assassin,Doom,Grimstroke,Dark Willow
6078481298,Team Magma,Ursa,Puck,Mars,Abaddon,Lion
6078481298,CDEC,Spectre,Ember Spirit,Dragon Knight,Mirana,Phoenix
6068688740,D2 Hustlers,Terrorblade,Invoker,Lina,Pangolier,Abaddon
6068688740,5ManMidas,Leshrac,Templar Assassin,Dragon Knight,Snapfire,Enchantress
6049360832,T1,Spectre,Leshrac,Dragon Knight,Nyx Assassin,Enchantress
6049360832,Virtus.pro,Faceless Void,Invoker,Kunkka,Mirana,Winter Wyvern
6025323952,Team Secret,Phantom Lancer,Monkey King,Broodmother,Bane,Windranger
6025323952,INVICTUS GAMING,Bristleback,Morphling,Mars,Nyx Assassin,Abaddon
6077363549,No Bounty Hunter,Lycan,Puck,Timbersaw,Hoodwink,Oracle
6077363549,Chicken Fighters,Spectre,Viper,Doom,Lion,Phoenix
6049437221,T1,Sand King,Windranger,Terrorblade,Lion,Winter Wyvern
6049437221,Virtus.pro,Tidehunter,Viper,Phantom Lancer,Clockwerk,Ancient Apparition
6078527166,CDEC,Leshrac,Templar Assassin,Ursa,Hoodwink,Elder Titan
6078527166,Team Magma,Lifestealer,Death Prophet,Doom,Enchantress,Lion
6056951677,Hokori,Faceless Void,Batrider,Mars,Lion,Magnus
6056951677,Latam Defenders,Phantom Lancer,Tiny,Pangolier,Shadow Demon,Phoenix
6046483211,AS Monaco Gambit,Arc Warden,Puck,Tidehunter,Phoenix,Enchantress
6046483211,Tundra Esports,Medusa,Razor,Dragon Knight,Winter Wyvern,Grimstroke
6025387755,Nigma,Luna,Invoker,Mars,Lion,Elder Titan
6025387755,INVICTUS GAMING,Death Prophet,Morphling,Axe,Shadow Shaman,Abaddon
6066158092,Cignal Ultra,Spectre,Dragon Knight,Venomancer,Treant Protector,Phoenix
6066158092,South Built Esports,Faceless Void,Magnus,Centaur Warrunner,Mirana,Ancient Apparition
6068625727,Arkosh Gaming,Ursa,Ember Spirit,Sand King,Lina,Enchantress
6068625727,felt,Luna,Outworld Destroyer,Timbersaw,Winter Wyvern,Lion
6046569234,Tundra Esports,Medusa,Invoker,Brewmaster,Clockwerk,Lion
6046569234,AS Monaco Gambit,Drow Ranger,Razor,Tidehunter,Nyx Assassin,Ancient Apparition
6078576105,Team Magma,Lycan,Morphling,Dragon Knight,Ancient Apparition,Earth Spirit
6078576105,CDEC,Terrorblade,Ember Spirit,Viper,Pangolier,Lion
6054859816,Trident Clan,Drow Ranger,Lina,Axe,Hoodwink,Phoenix
6054859816,Nemiga Gaming,Medusa,Mars,Kunkka,Dark Willow,Ancient Apparition
6024552204,Execration,Ursa,Kunkka,Mars,Ancient Apparition,Mirana
6024552204,Team Secret,Sven,Invoker,Dark Seer,Hoodwink,Clockwerk
6046470417,ViKin.gg,Ursa,Leshrac,Centaur Warrunner,Io,Nyx Assassin
6046470417,Team Unique,Troll Warlord,Dragon Knight,Doom,Lion,Winter Wyvern
6057015475,Infamous Gaming,Templar Assassin,Puck,Beastmaster,Hoodwink,Gyrocopter
6057015475,Omega Gaming,Wraith King,Tiny,Centaur Warrunner,Ancient Apparition,Snapfire
6077447817,Into The Breach,Luna,Void Spirit,Broodmother,Clockwerk,Lion
6077447817,Hippomaniacs,Chaos Knight,Leshrac,Axe,Lina,Winter Wyvern
6024633154,Team Secret,Monkey King,Puck,Magnus,Enchantress,Snapfire
6024633154,Execration,Lifestealer,Bristleback,Doom,Grimstroke,Lion
6068735577,Arkosh Gaming,Pudge,Razor,Luna,Sniper,Crystal Maiden
6068735577,felt,Morphling,Kunkka,Dragon Knight,Nyx Assassin,Winter Wyvern
6046544052,ViKin.gg,Luna,Storm Spirit,Broodmother,Enchantress,Nyx Assassin
6046544052,Team Unique,Chaos Knight,Magnus,Viper,Clockwerk,Hoodwink
6078632746,Xtreme  Gaming,Faceless Void,Storm Spirit,Mars,Shadow Shaman,Ancient Apparition
6078632746,Aster.Aries,Medusa,Puck,Doom,Lion,Phoenix
6054926748,Nemiga Gaming,Ursa,Enchantress,Doom,Pangolier,Lion
6054926748,Trident Clan,Spectre,Puck,Sand King,Warlock,Nyx Assassin
6046220760,Nigma,Anti-Mage,Razor,Dragon Knight,Phoenix,Shadow Demon
6046220760,Team Secret,Timbersaw,Void Spirit,Phantom Lancer,Ancient Apparition,Nyx Assassin
6024739769,INVICTUS GAMING,Drow Ranger,Razor,Dark Seer,Lion,Clockwerk
6024739769,Vici Gaming,Faceless Void,Templar Assassin,Doom,Ancient Apparition,Earth Spirit
6057079568,Infamous Gaming,Templar Assassin,Puck,Centaur Warrunner,Enchantress,Gyrocopter
6057079568,Omega Gaming,Medusa,Void Spirit,Sand King,Grimstroke,Tiny
6078685621,Aster.Aries,Ursa,Puck,Doom,Hoodwink,Ancient Apparition
6078685621,Xtreme  Gaming,Medusa,Lina,Sand King,Lion,Abaddon
6077499738,Hippomaniacs,Wraith King,Zeus,Dragon Knight,Lina,Shadow Demon
6077499738,Into The Breach,Terrorblade,Snapfire,Tidehunter,Tusk,Mirana
6067481477,Lilgun,Timbersaw,Lycan,Venomancer,Grimstroke,Nyx Assassin
6067481477,Team SMG,Lifestealer,Doom,Brewmaster,Tusk,Lion
6068802013,bumble bEE's,Spectre,Dragon Knight,Viper,Winter Wyvern,Nyx Assassin
6068802013,DogChamp,Morphling,Storm Spirit,Pangolier,Treant Protector,Rubick
6024827482,INVICTUS GAMING,Ursa,Storm Spirit,Legion Commander,Lion,Warlock
6024827482,Vici Gaming,Terrorblade,Puck,Mars,Phoenix,Dark Willow
6046399362,Team Secret,Mars,Leshrac,Alchemist,Witch Doctor,Enchantress
6046399362,Nigma,Axe,Templar Assassin,Sand King,Phoenix,Winter Wyvern
6056135229,Team Empire,Luna,Puck,Dragon Knight,Lina,Enchantress
6056135229,Winstrike Team,Faceless Void,Batrider,Axe,Hoodwink,Phoenix
6078773128,LBZS,Terrorblade,Leshrac,Doom,Winter Wyvern,Lion
6078773128,Team Magma,Wraith King,Lina,Centaur Warrunner,Hoodwink,Tusk
6046275234,OG,Chaos Knight,Puck,Timbersaw,Winter Wyvern,Lion
6046275234,Team Liquid,Razor,Mars,Broodmother,Oracle,Hoodwink
6024925076,INVICTUS GAMING,Phantom Lancer,Ember Spirit,Centaur Warrunner,Shadow Shaman,Warlock
6024925076,AS Monaco Gambit,Wraith King,Puck,Dazzle,Clockwerk,Ancient Apparition
6067538339,Lilgun,Bristleback,Puck,Viper,Phoenix,Clockwerk
6067538339,Team SMG,Medusa,Batrider,Beastmaster,Enchantress,Lion
6078763173,Hellbear Smashers,Arc Warden,Lina,Axe,Hoodwink,Phoenix
6078763173,Ghost Frogs,Drow Ranger,Templar Assassin,Tidehunter,Mirana,Winter Wyvern
6046389369,Team Liquid,Leshrac,Razor,Slardar,Lion,Io
6046389369,OG,Templar Assassin,Puck,Centaur Warrunner,Clockwerk,Phoenix
6068855353,bumble bEE's,Luna,Death Prophet,Centaur Warrunner,Treant Protector,Nyx Assassin
6068855353,DogChamp,Monkey King,Templar Assassin,Pangolier,Abaddon,Lion
6078833569,LBZS,Luna,Leshrac,Mars,Skywrath Mage,Elder Titan
6078833569,Team Magma,Wraith King,Templar Assassin,Sand King,Abaddon,Lion
6025014333,AS Monaco Gambit,Huskar,Shadow Fiend,Dazzle,Clockwerk,Disruptor
6025014333,INVICTUS GAMING,Morphling,Storm Spirit,Mars,Nyx Assassin,Enchantress
6056228969,Winstrike Team,Juggernaut,Templar Assassin,Axe,Phoenix,Lion
6056228969,Team Empire,Medusa,Invoker,Timbersaw,Hoodwink,Enchantress
6047895488,AS Monaco Gambit,Luna,Morphling,Dark Seer,Spirit Breaker,Hoodwink
6047895488,ViKin.gg,Doom,Storm Spirit,Timbersaw,Winter Wyvern,Nyx Assassin
6057149049,BINOMISTAS,Troll Warlord,Dragon Knight,Leshrac,Abaddon,Hoodwink
6057149049,Inverse,Juggernaut,Kunkka,Mars,Grimstroke,Tiny
6067481645,Execration,Juggernaut,Puck,Doom,Ancient Apparition,Lion
6067481645,496 Gaming,Riki,Night Stalker,Leshrac,Winter Wyvern,Nyx Assassin
6047991403,ViKin.gg,Lifestealer,Leshrac,Death Prophet,Abaddon,Nyx Assassin
6047991403,AS Monaco Gambit,Juggernaut,Templar Assassin,Tidehunter,Rubick,Winter Wyvern
6078846132,Ghost Frogs,Faceless Void,Dragon Knight,Broodmother,Mirana,Disruptor
6078846132,Hellbear Smashers,Gyrocopter,Batrider,Leshrac,Nyx Assassin,Abaddon
6068895002,D2 Hustlers,Gyrocopter,Invoker,Timbersaw,Crystal Maiden,Abaddon
6068895002,Arkosh Gaming,Terrorblade,Void Spirit,Enigma,Earth Spirit,Viper
6078906548,phoenix gaming,Terrorblade,Void Spirit,Doom,Phoenix,Hoodwink
6078906548,Aster.Aries,Morphling,Puck,Dragon Knight,Shadow Demon,Death Prophet
6026011973,Evil Geniuses,Bloodseeker,Templar Assassin,Mars,Ancient Apparition,Snapfire
6026011973,TNC Predator,Wraith King,Bristleback,Dark Seer,Lion,Earth Spirit
6047897871,Nigma,Anti-Mage,Invoker,Axe,Warlock,Rubick
6047897871,OG,Medusa,Void Spirit,Brewmaster,Ancient Apparition,Nyx Assassin
6056136378,Team Unique,Luna,Ember Spirit,Dragon Knight,Phoenix,Hoodwink
6056136378,B8,Phantom Lancer,Windranger,Timbersaw,Enchantress,Lion
6026091566,TNC Predator,Spectre,Puck,Night Stalker,Lion,Tiny
6026091566,Evil Geniuses,Terrorblade,Dragon Knight,Mars,Ancient Apparition,Shadow Shaman
6078995664,phoenix gaming,Medusa,Razor,Doom,Disruptor,Nyx Assassin
6078995664,Aster.Aries,Chaos Knight,Magnus,Dragon Knight,Hoodwink,Lion
6047986029,OG,Drow Ranger,Hoodwink,Axe,Oracle,Mirana
6047986029,Nigma,Luna,Invoker,Timbersaw,Shadow Shaman,Elder Titan
6078913575,Ghost Frogs,Monkey King,Ember Spirit,Dragon Knight,Shadow Demon,Abaddon
6078913575,Hellbear Smashers,Wraith King,Invoker,Phoenix,Nyx Assassin,Grimstroke
6067538989,496 Gaming,Axe,Batrider,Leshrac,Winter Wyvern,Earth Spirit
6067538989,Execration,Terrorblade,Puck,Dragon Knight,Phoenix,Mirana
6057225124,Hokori,Luna,Ember Spirit,Broodmother,Undying,Hoodwink
6057225124,NoPing Esports,Sven,Kunkka,Venomancer,Viper,Mirana
6068940251,Arkosh Gaming,Lifestealer,Tiny,Viper,Clockwerk,Lion
6068940251,D2 Hustlers,Naga Siren,Puck,Timbersaw,Nyx Assassin,Phoenix
6078767378,Chicken Fighters,Faceless Void,Razor,Elder Titan,Snapfire,Phoenix
6078767378,ViKin.gg,Morphling,Void Spirit,Alchemist,Abaddon,Lina
6048044058,OG,Medusa,Hoodwink,Timbersaw,Mars,Shadow Demon
6048044058,Nigma,Axe,Storm Spirit,Sand King,Undying,Winter Wyvern
6079109141,Aster.Aries,Morphling,Puck,Magnus,Shadow Demon,Lion
6079109141,phoenix gaming,Terrorblade,Void Spirit,Tidehunter,Nyx Assassin,Phoenix
6026219483,beastcoast,Juggernaut,Mars,Phoenix,Winter Wyvern,Clockwerk
6026219483,PSG.LGD,Anti-Mage,Magnus,Sand King,Grimstroke,Treant Protector
6078835307,ViKin.gg,Phantom Lancer,Lina,Pangolier,Abaddon,Snapfire
6078835307,Chicken Fighters,Phantom Assassin,Razor,Viper,Clockwerk,Phoenix
6056205424,B8,Terrorblade,Windranger,Dark Seer,Disruptor,Nyx Assassin
6056205424,Team Unique,Lifestealer,Kunkka,Dragon Knight,Hoodwink,Lion
6067608148,Execration,Spectre,Death Prophet,Axe,Treant Protector,Mirana
6067608148,496 Gaming,Faceless Void,Storm Spirit,Tidehunter,Winter Wyvern,Nyx Assassin
6048938116,ViKin.gg,Ursa,Razor,Timbersaw,Winter Wyvern,Lion
6048938116,Alliance,Luna,Puck,Axe,Phoenix,Hoodwink
6079001945,Into The Breach,Medusa,Puck,Timbersaw,Nyx Assassin,Hoodwink
6079001945,Brame,Juggernaut,Magnus,Axe,Enchantress,Lina
6026361127,beastcoast,Phantom Lancer,Snapfire,Timbersaw,Ancient Apparition,Shadow Demon
6026361127,PSG.LGD,Morphling,Puck,Death Prophet,Pangolier,Elder Titan
6069930421,bumble bEE's,Faceless Void,Viper,Dragon Knight,Mars,Mirana
6069930421,Simply TOOBASED,Luna,Batrider,Death Prophet,Tusk,Phoenix
6079903917,Team Magma,Razor,Morphling,Dragon Knight,Hoodwink,Mirana
6079903917,Sparking Arrow Gaming,Terrorblade,Leshrac,Axe,Lion,Phoenix
6079071958,Into The Breach,Morphling,Void Spirit,Timbersaw,Clockwerk,Hoodwink
6079071958,Brame,Anti-Mage,Ember Spirit,Batrider,Keeper of the Light,Lina
6057282874,NoPing Esports,Templar Assassin,Queen of Pain,Mars,Viper,Lion
6057282874,Hokori,Medusa,Batrider,Dark Seer,Treant Protector,Nyx Assassin
6049053288,Alliance,Gyrocopter,Pangolier,Timbersaw,Io,Lion
6049053288,ViKin.gg,Spectre,Leshrac,Death Prophet,Abaddon,Clockwerk
6070040465,bumble bEE's,Lifestealer,Death Prophet,Mars,Oracle,Hoodwink
6070040465,Simply TOOBASED,Gyrocopter,Dragon Knight,Leshrac,Pangolier,Ancient Apparition
6026468379,Team Liquid,Medusa,Puck,Doom,Grimstroke,Enchantress
6026468379,Vici Gaming,Spectre,Dragon Knight,Mars,Snapfire,Dark Willow
6079202085,Into The Breach,Luna,Ember Spirit,Doom,Clockwerk,Hoodwink
6079202085,Brame,Morphling,Batrider,Axe,Abaddon,Lina
6067596085,Ωmega Esports,Elder Titan,Templar Assassin,Mars,Lion,Shadow Demon
6067596085,Galaxy Racer Esports,Spectre,Meepo,Dark Seer,Phoenix,Nyx Assassin
6079953535,Team Magma,Luna,Morphling,Dragon Knight,Hoodwink,Lina
6079953535,Sparking Arrow Gaming,Axe,Invoker,Doom,Phoenix,Shadow Demon
6070130213,bumble bEE's,Terrorblade,Death Prophet,Earthshaker,Oracle,Snapfire
6070130213,Simply TOOBASED,Phantom Lancer,Lina,Sand King,Lion,Phoenix
6056316785,Nemiga Gaming,Lifestealer,Mars,Magnus,Dark Willow,Crystal Maiden
6056316785,EXTREMUM,Juggernaut,Razor,Timbersaw,Enchantress,Lion
6048937284,OG,Naga Siren,Hoodwink,Necrophos,Ancient Apparition,Dragon Knight
6048937284,Quincy Crew,Wraith King,Batrider,Venomancer,Clockwerk,Lion
6057335567,Infamous Gaming,Medusa,Puck,Dragon Knight,Dark Willow,Witch Doctor
6057335567,BINOMISTAS,Terrorblade,Death Prophet,Broodmother,Enchantress,Shadow Shaman
6070245400,Black N Yellow,Morphling,Puck,Dragon Knight,Mirana,Clockwerk
6070245400,Arkosh Gaming,Luna,Void Spirit,Viper,Earth Spirit,Visage
6078923814,Spider Pigzs,Luna,Invoker,Night Stalker,Enchantress,Lion
6078923814,Team Bald Reborn,Drow Ranger,Puck,Dark Seer,Abaddon,Nyx Assassin
6049050352,Quincy Crew,Doom,Dragon Knight,Luna,Hoodwink,Abaddon
6049050352,OG,Axe,Tiny,Dark Seer,Phoenix,Clockwerk
6070298419,Arkosh Gaming,Nature's Prophet,Ember Spirit,Ursa,Clockwerk,Gyrocopter
6070298419,Black N Yellow,Venomancer,Viper,Medusa,Nyx Assassin,Crystal Maiden
6080001045,Royal Never Give Up,Luna,Lina,Dark Seer,Nyx Assassin,Undying
6080001045,Aster.Aries,Juggernaut,Timbersaw,Doom,Lion,Clockwerk
6026574176,Team Liquid,Phantom Assassin,Leshrac,Axe,Winter Wyvern,Tiny
6026574176,Vici Gaming,Spectre,Templar Assassin,Mars,Dark Willow,Ancient Apparition
6067666906,Ωmega Esports,Terrorblade,Bristleback,Dragon Knight,Winter Wyvern,Lina
6067666906,Galaxy Racer Esports,Drow Ranger,Puck,Tidehunter,Phoenix,Lion
6079148465,Spider Pigzs,Timbersaw,Invoker,Phantom Assassin,Jakiro,Lion
6079148465,Team Bald Reborn,Tidehunter,Void Spirit,Razor,Grimstroke,Nyx Assassin
6070459198,bumble bEE's,Luna,Invoker,Centaur Warrunner,Witch Doctor,Nyx Assassin
6070459198,Black N Yellow,Juggernaut,Death Prophet,Timbersaw,Lion,Clockwerk
6057384149,BINOMISTAS,Axe,Dragon Knight,Broodmother,Undying,Mirana
6057384149,Infamous Gaming,Gyrocopter,Invoker,Venomancer,Enchantress,Winter Wyvern
6056416709,EXTREMUM,Weaver,Ember Spirit,Broodmother,Phoenix,Hoodwink
6056416709,Nemiga Gaming,Medusa,Pangolier,Razor,Lion,Ancient Apparition
6079261923,Chicken Fighters,Luna,Invoker,Dragon Knight,Hoodwink,Phoenix
6079261923,Hellbear Smashers,Axe,Lina,Mars,Pugna,Winter Wyvern
6026675519,Vici Gaming,Medusa,Puck,Timbersaw,Ancient Apparition,Earth Spirit
6026675519,TNC Predator,Drow Ranger,Tiny,Mars,Enchantress,Lion
6070512304,bumble bEE's,Spectre,Death Prophet,Legion Commander,Oracle,Hoodwink
6070512304,Black N Yellow,Luna,Lina,Doom,Nyx Assassin,Ancient Apparition
6080048932,Royal Never Give Up,Lifestealer,Lina,Legion Commander,Nyx Assassin,Death Prophet
6080048932,Aster.Aries,Ursa,Doom,Axe,Lion,Phoenix
6049557684,OG,Axe,Morphling,Monkey King,Winter Wyvern,Mirana
6049557684,Alliance,Timbersaw,Tiny,Wraith King,Skywrath Mage,Hoodwink
6079386505,Chicken Fighters,Terrorblade,Leshrac,Axe,Lion,Phoenix
6079386505,Hellbear Smashers,Gyrocopter,Puck,Brewmaster,Hoodwink,Abaddon
6026757158,TNC Predator,Monkey King,Razor,Magnus,Snapfire,Nyx Assassin
6026757158,Vici Gaming,Morphling,Templar Assassin,Slardar,Oracle,Dark Willow
6070583719,bumble bEE's,Ursa,Death Prophet,Axe,Oracle,Hoodwink
6070583719,Black N Yellow,Morphling,Puck,Doom,Tiny,Ancient Apparition
6057429141,Infamous Gaming,Faceless Void,Invoker,Axe,Mirana,Oracle
6057429141,BINOMISTAS,Terrorblade,Bloodseeker,Mars,Phoenix,Nyx Assassin
6067657925,Cignal Ultra,Monkey King,Lina,Axe,Phoenix,Treant Protector
6067657925,Motivate.Trust Gaming,Medusa,Storm Spirit,Timbersaw,Snapfire,Lion
6080339905,Royal Never Give Up,Drow Ranger,Mars,Alchemist,Lion,Undying
6080339905,Team Magma,Terrorblade,Puck,Timbersaw,Hoodwink,Nyx Assassin
6079470359,Spider Pigzs,Terrorblade,Lina,Timbersaw,Jakiro,Nyx Assassin
6079470359,Into The Breach,Drow Ranger,Puck,Magnus,Tusk,Shadow Demon
6026013605,Team Liquid,Phantom Assassin,Templar Assassin,Magnus,Oracle,Lina
6026013605,beastcoast,Faceless Void,Venomancer,Leshrac,Earth Spirit,Snapfire
6071803988,4 Zoomers,Luna,Leshrac,Magnus,Winter Wyvern,Rubick
6071803988,bumble bEE's,Razor,Kunkka,Timbersaw,Oracle,Hoodwink
6056582479,Nemiga Gaming,Axe,Windranger,Broodmother,Nyx Assassin,Keeper of the Light
6056582479,EXTREMUM,Dragon Knight,Death Prophet,Drow Ranger,Enchantress,Lion
6080395234,Royal Never Give Up,Terrorblade,Dragon Knight,Sand King,Hoodwink,Winter Wyvern
6080395234,Team Magma,Ursa,Templar Assassin,Mars,Lion,Earth Spirit
6079532974,Spider Pigzs,Gyrocopter,Snapfire,Dark Seer,Winter Wyvern,Nyx Assassin
6079532974,Into The Breach,Spectre,Zeus,Axe,Clockwerk,Mirana
6026106253,Team Liquid,Bristleback,Templar Assassin,Legion Commander,Oracle,Snapfire
6026106253,beastcoast,Abaddon,Venomancer,Leshrac,Ancient Apparition,Tiny
6071914455,4 Zoomers,Alchemist,Invoker,Axe,Winter Wyvern,Hoodwink
6071914455,bumble bEE's,Medusa,Templar Assassin,Dragon Knight,Abaddon,Lion
6080459928,Royal Never Give Up,Terrorblade,Ember Spirit,Axe,Hoodwink,Winter Wyvern
6080459928,Team Magma,Luna,Templar Assassin,Timbersaw,Elder Titan,Lion
6067705179,Cignal Ultra,Phantom Assassin,Puck,Timbersaw,Mirana,Grimstroke
6067705179,Motivate.Trust Gaming,Spectre,Templar Assassin,Mars,Ancient Apparition,Lion
6058377114,EGOBOYS,Sven,Void Spirit,Axe,Tusk,Ancient Apparition
6058377114,NoPing Esports,Gyrocopter,Kunkka,Venomancer,Oracle,Tiny
6071984808,4 Zoomers,Axe,Storm Spirit,Faceless Void,Keeper of the Light,Mirana
6071984808,bumble bEE's,Ursa,Puck,Timbersaw,Treant Protector,Hoodwink
6026231485,Team Spirit,Wraith King,Tiny,Tidehunter,Grimstroke,Shadow Shaman
6026231485,Evil Geniuses,Doom,Puck,Ursa,Enchantress,Earth Spirit
6081496014,Elephant,Wraith King,Lina,Brewmaster,Lion,Winter Wyvern
6081496014,Team Magma,Spectre,Death Prophet,Mars,Hoodwink,Jakiro
6049652918,Alliance,Lifestealer,Magnus,Doom,Mirana,Winter Wyvern
6049652918,OG,Sven,Hoodwink,Sand King,Omniknight,Phoenix
6056389893,Fantastic Five,Bloodseeker,Batrider,Axe,Enchantress,Mirana
6056389893,AS Monaco Gambit,Wraith King,Invoker,Timbersaw,Hoodwink,Phoenix
6072077922,Undying,Spectre,Viper,Sand King,Hoodwink,Winter Wyvern
6072077922,4 Zoomers,Naga Siren,Invoker,Axe,Abaddon,Snapfire
6080362759,Chicken Fighters,Faceless Void,Invoker,Beastmaster,Snapfire,Winter Wyvern
6080362759,Team Liquid,Slark,Lina,Slardar,Oracle,Io
6081547301,Team Magma,Luna,Morphling,Mars,Elder Titan,Hoodwink
6081547301,Elephant,Magnus,Lina,Dark Seer,Earth Spirit,Lion
6072143944,4 Zoomers,Faceless Void,Storm Spirit,Dragon Knight,Elder Titan,Hoodwink
6072143944,Undying,Axe,Invoker,Timbersaw,Nyx Assassin,Phoenix
6067770560,Execration,Ember Spirit,Templar Assassin,Viper,Treant Protector,Earth Spirit
6067770560,Team SMG,Nature's Prophet,Storm Spirit,Beastmaster,Lion,Enchantress
6080417552,Chicken Fighters,Faceless Void,Snapfire,Magnus,Techies,Winter Wyvern
6080417552,Team Liquid,Luna,Leshrac,Axe,Keeper of the Light,Nyx Assassin
6058494460,NoPing Esports,Gyrocopter,Tiny,Tidehunter,Oracle,Lion
6058494460,EGOBOYS,Terrorblade,Templar Assassin,Dark Seer,Clockwerk,Ancient Apparition
6081649693,Elephant,Luna,Puck,Tidehunter,Grimstroke,Lion
6081649693,EHOME,Medusa,Lina,Mars,Abaddon,Rubick
6050625911,T1,Wraith King,Doom,Axe,Ancient Apparition,Grimstroke
6050625911,Alliance,Anti-Mage,Magnus,Tidehunter,Lion,Winter Wyvern
6080517396,Spider Pigzs,Luna,Snapfire,Sand King,Enchantress,Grimstroke
6080517396,Nigma,Terrorblade,Lina,Slardar,Vengeful Spirit,Tusk
6081734536,EHOME,Medusa,Puck,Axe,Phoenix,Lion
6081734536,Elephant,Terrorblade,Leshrac,Tidehunter,Mirana,Nyx Assassin
6056513924,AS Monaco Gambit,Spectre,Lina,Axe,Phoenix,Winter Wyvern
6056513924,Fantastic Five,Luna,Pugna,Underlord,Enchantress,Earth Spirit
6050732096,Alliance,Centaur Warrunner,Shadow Fiend,Chaos Knight,Shadow Demon,Winter Wyvern
6050732096,T1,Doom,Tiny,Luna,Treant Protector,Lion
6080602503,Nigma,Luna,Windranger,Centaur Warrunner,Elder Titan,Io
6080602503,Spider Pigzs,Terrorblade,Pangolier,Mars,Hoodwink,Keeper of the Light
6081805157,Elephant,Faceless Void,Templar Assassin,Brewmaster,Hoodwink,Elder Titan
6081805157,EHOME,Terrorblade,Razor,Dark Seer,Winter Wyvern,Clockwerk
6026329775,Evil Geniuses,Phantom Lancer,Storm Spirit,Timbersaw,Phoenix,Lion
6026329775,Team Spirit,Gyrocopter,Templar Assassin,Mars,Disruptor,Tiny
6067842155,Execration,Magnus,Dragon Knight,Lifestealer,Treant Protector,Enchantress
6067842155,Team SMG,Chaos Knight,Death Prophet,Razor,Ancient Apparition,Nyx Assassin
6058609483,BINOMISTAS,Luna,Monkey King,Leshrac,Abaddon,Shadow Shaman
6058609483,Unknown Team,Faceless Void,Kunkka,Dragon Knight,Hoodwink,Ancient Apparition
6080913054,Team Liquid,Luna,Lone Druid,Axe,Viper,Mirana
6080913054,Nigma,Phantom Assassin,Lina,Timbersaw,Enchantress,Dark Willow
6081888081,EHOME,Luna,Zeus,Brewmaster,Winter Wyvern,Hoodwink
6081888081,Elephant,Terrorblade,Lina,Sand King,Phoenix,Clockwerk
6056645678,AS Monaco Gambit,Terrorblade,Void Spirit,Axe,Dark Willow,Elder Titan
6056645678,Fantastic Five,Lifestealer,Invoker,Underlord,Ancient Apparition,Mirana
6050937230,Virtus.pro,Doom,Templar Assassin,Kunkka,Lion,Silencer
6050937230,T1,Phantom Assassin,Venomancer,Magnus,Enchantress,Winter Wyvern
6067910553,Execration,Terrorblade,Invoker,Viper,Winter Wyvern,Earth Spirit
6067910553,Team SMG,Drow Ranger,Batrider,Night Stalker,Elder Titan,Enchantress
6058696782,Unknown Team,Medusa,Puck,Dark Seer,Hoodwink,Clockwerk
6058696782,BINOMISTAS,Terrorblade,Death Prophet,Pangolier,Enchantress,Nyx Assassin
6026470153,Nigma,Wraith King,Puck,Dragon Knight,Ancient Apparition,Winter Wyvern
6026470153,PSG.LGD,Faceless Void,Ember Spirit,Legion Commander,Snapfire,Elder Titan
6081000417,Nigma,Luna,Storm Spirit,Mars,Hoodwink,Tusk
6081000417,Team Liquid,Chaos Knight,Pangolier,Broodmother,Phoenix,Lina
6051032596,Virtus.pro,Juggernaut,Lina,Centaur Warrunner,Enchantress,Winter Wyvern
6051032596,T1,Wraith King,Magnus,Viper,Lion,Abaddon
6056828463,Team Empire,Medusa,Magnus,Timbersaw,Hoodwink,Enchantress
6056828463,Team Unique,Luna,Lina,Sand King,Ancient Apparition,Dark Willow
6058926863,NoPing Esports,Luna,Kunkka,Viper,Abaddon,Mirana
6058926863,Unknown Team,Morphling,Storm Spirit,Tidehunter,Dark Willow,Clockwerk
6026564858,Nigma,Lifestealer,Puck,Doom,Grimstroke,Clockwerk
6026564858,PSG.LGD,Spectre,Templar Assassin,Axe,Skywrath Mage,Enchantress
6081062156,Nigma,Luna,Templar Assassin,Mars,Hoodwink,Io
6081062156,Team Liquid,Monkey King,Razor,Timbersaw,Keeper of the Light,Enigma
6067993716,Motivate.Trust Gaming,Wraith King,Dragon Knight,Viper,Shadow Demon,Hoodwink
6067993716,Galaxy Racer Esports,Terrorblade,Puck,Death Prophet,Enchantress,Lion
6056961029,Team Unique,Bloodseeker,Lina,Doom,Phoenix,Lion
6056961029,Team Empire,Phantom Lancer,Windranger,Dragon Knight,Hoodwink,Enchantress
6051126706,T1,Spectre,Puck,Leshrac,Hoodwink,Nyx Assassin
6051126706,Virtus.pro,Faceless Void,Death Prophet,Timbersaw,Lion,Winter Wyvern
6026660506,Nigma,Terrorblade,Puck,Mars,Lion,Elder Titan
6026660506,Team Spirit,Spectre,Dragon Knight,Centaur Warrunner,Grimstroke,Shadow Shaman
6057031059,Team Empire,Luna,Broodmother,Mars,Hoodwink,Abaddon
6057031059,Team Unique,Terrorblade,Puck,Centaur Warrunner,Elder Titan,Lion
6051198824,Virtus.pro,Abaddon,Lina,Kunkka,Enchantress,Disruptor
6051198824,T1,Lifestealer,Viper,Axe,Warlock,Nyx Assassin
6058993154,NoPing Esports,Sven,Kunkka,Mars,Viper,Mirana
6058993154,Unknown Team,Gyrocopter,Void Spirit,Tidehunter,Hoodwink,Winter Wyvern
6069011823,OB.Neon,Juggernaut,Batrider,Doom,Enchantress,Rubick
6069011823,Execration,Spectre,Razor,Viper,Phoenix,Earth Spirit
6069086044,OB.Neon,Phantom Assassin,Void Spirit,Batrider,Enchantress,Rubick
6069086044,Execration,Luna,Puck,Viper,Treant Protector,Earth Spirit
6057110230,Nemiga Gaming,Terrorblade,Puck,Dark Seer,Nyx Assassin,Abaddon
6057110230,Fantastic Five,Drow Ranger,Void Spirit,Viper,Lion,Clockwerk
6051279227,Virtus.pro,Wraith King,Invoker,Timbersaw,Lion,Oracle
6051279227,T1,Faceless Void,Leshrac,Broodmother,Warlock,Nyx Assassin
6069140416,Execration,Doom,Leshrac,Lifestealer,Winter Wyvern,Mirana
6069140416,OB.Neon,Wraith King,Lina,Slardar,Lion,Viper
6081890096,OG,Morphling,Hoodwink,Magnus,Chen,Dark Willow
6081890096,Nigma,Terrorblade,Invoker,Mars,Vengeful Spirit,Phoenix
6027661945,Team Spirit,Terrorblade,Mars,Axe,Lion,Phoenix
6027661945,Vici Gaming,Medusa,Puck,Doom,Snapfire,Dark Willow
6057192433,Fantastic Five,Drow Ranger,Void Spirit,Axe,Treant Protector,Dark Willow
6057192433,Nemiga Gaming,Lifestealer,Batrider,Leshrac,Shadow Demon,Ancient Apparition
6059037237,NoPing Esports,Gyrocopter,Batrider,Mars,Abaddon,Lion
6059037237,Unknown Team,Medusa,Kunkka,Centaur Warrunner,Hoodwink,Viper
6027769248,Team Spirit,Phantom Lancer,Death Prophet,Kunkka,Winter Wyvern,Tiny
6027769248,Vici Gaming,Spectre,Templar Assassin,Leshrac,Nyx Assassin,Shadow Demon
6057266417,Nemiga Gaming,Phantom Lancer,Invoker,Axe,Dark Willow,Winter Wyvern
6057266417,Fantastic Five,Luna,Batrider,Beastmaster,Enchantress,Mirana
6081978485,OG,Gyrocopter,Windranger,Centaur Warrunner,Io,Hoodwink
6081978485,Nigma,Luna,Ember Spirit,Alchemist,Razor,Tusk
6060553138,Infinity,Sven,Invoker,Enigma,Nyx Assassin,Ancient Apparition
6060553138,Unknown Team,Spectre,Puck,Bristleback,Hoodwink,Viper
6027906800,Nigma,Faceless Void,Invoker,Dragon Knight,Enchantress,Winter Wyvern
6027906800,Team Liquid,Bristleback,Templar Assassin,Sand King,Snapfire,Mirana
6057771633,Team Empire,Luna,Lina,Mars,Winter Wyvern,Abaddon
6057771633,Natus Vincere,Gyrocopter,Templar Assassin,Tidehunter,Shadow Demon,Hoodwink
6057841980,Team Empire,Spectre,Lina,Dragon Knight,Hoodwink,Enchantress
6057841980,Natus Vincere,Gyrocopter,Death Prophet,Mars,Treant Protector,Shadow Demon
6082074457,OG,Drow Ranger,Razor,Sand King,Naga Siren,Lion
6082074457,Nigma,Terrorblade,Timbersaw,Mars,Vengeful Spirit,Phoenix
6070996580,Fnatic,Monkey King,Dragon Knight,Legion Commander,Winter Wyvern,Ancient Apparition
6070996580,TNC Predator,Ursa,Templar Assassin,Tidehunter,Lion,Mirana
6057922460,Natus Vincere,Gyrocopter,Storm Spirit,Mars,Io,Shadow Demon
6057922460,Team Empire,Spectre,Invoker,Dragon Knight,Hoodwink,Enchantress
6060630738,Unknown Team,Phantom Lancer,Ember Spirit,Timbersaw,Crystal Maiden,Hoodwink
6060630738,Infinity,Terrorblade,Storm Spirit,Dark Seer,Tusk,Ancient Apparition
6071087562,TNC Predator,Phantom Assassin,Death Prophet,Dark Seer,Lion,Tusk
6071087562,Fnatic,Luna,Leshrac,Dragon Knight,Shadow Demon,Abaddon
6058001849,Nemiga Gaming,Medusa,Death Prophet,Timbersaw,Tusk,Winter Wyvern
6058001849,PuckChamp,Phantom Lancer,Lina,Axe,Undying,Lion
6060728395,SG esports,Axe,Leshrac,Doom,Phoenix,Mirana
6060728395,Unknown Team,Spectre,Kunkka,Dragon Knight,Oracle,Lina
6071205619,Fnatic,Terrorblade,Death Prophet,Pangolier,Lion,Phoenix
6071205619,TNC Predator,Morphling,Leshrac,Brewmaster,Abaddon,Shadow Shaman
6028052212,Nigma,Ursa,Invoker,Dragon Knight,Treant Protector,Io
6028052212,Team Liquid,Omniknight,Morphling,Centaur Warrunner,Snapfire,Dark Willow
6058101270,PuckChamp,Wraith King,Leshrac,Pangolier,Hoodwink,Lion
6058101270,Nemiga Gaming,Templar Assassin,Puck,Mars,Winter Wyvern,Abaddon
6082238182,OG,Naga Siren,Razor,Tidehunter,Disruptor,Mirana
6082238182,Tundra Esports,Luna,Lina,Sand King,Abaddon,Nyx Assassin
6071325564,TNC Predator,Medusa,Puck,Dragon Knight,Phoenix,Mirana
6071325564,Fnatic,Terrorblade,Ember Spirit,Bloodseeker,Lion,Abaddon
6058219763,Nemiga Gaming,Ursa,Pangolier,Dragon Knight,Dark Willow,Lion
6058219763,PuckChamp,Bloodseeker,Lina,Mars,Witch Doctor,Nyx Assassin
6060800152,SG esports,Slark,Magnus,Death Prophet,Oracle,Nyx Assassin
6060800152,Unknown Team,Medusa,Bristleback,Centaur Warrunner,Abaddon,Hoodwink
6071453424,Fnatic,Axe,Puck,Tidehunter,Mirana,Phoenix
6071453424,TNC Predator,Spectre,Magnus,Death Prophet,Enchantress,Earth Spirit
6058714700,Team Empire,Luna,Lina,Dragon Knight,Hoodwink,Abaddon
6058714700,PuckChamp,Terrorblade,Void Spirit,Tidehunter,Lion,Nyx Assassin
6028187182,Evil Geniuses,Terrorblade,Ember Spirit,Timbersaw,Abaddon,Lion
6028187182,Vici Gaming,Morphling,Puck,Mars,Snapfire,Phoenix
6082397383,Tundra Esports,Anti-Mage,Lina,Tidehunter,Enchantress,Mirana
6082397383,OG,Terrorblade,Invoker,Timbersaw,Nyx Assassin,Hoodwink
6028286082,Evil Geniuses,Faceless Void,Invoker,Viper,Winter Wyvern,Tiny
6028286082,Vici Gaming,Lifestealer,Storm Spirit,Doom,Phoenix,Nyx Assassin
6058791468,PuckChamp,Lifestealer,Lina,Pangolier,Hoodwink,Dark Willow
6058791468,Team Empire,Spectre,Puck,Timbersaw,Lion,Enchantress
6060853707,SG esports,Axe,Invoker,Death Prophet,Oracle,Mirana
6060853707,Unknown Team,Spectre,Ember Spirit,Dragon Knight,Nyx Assassin,Winter Wyvern
6028370071,PSG.LGD,Drow Ranger,Templar Assassin,Slardar,Snapfire,Elder Titan
6028370071,Team Liquid,Monkey King,Pugna,Lone Druid,Ancient Apparition,Tiny
6082512086,OG,Drow Ranger,Zeus,Timbersaw,Naga Siren,Lion
6082512086,Tundra Esports,Terrorblade,Winter Wyvern,Brewmaster,Abaddon,Keeper of the Light
6028456376,PSG.LGD,Ursa,Lina,Mars,Phoenix,Clockwerk
6028456376,Team Liquid,Terrorblade,Leshrac,Dark Seer,Warlock,Earth Spirit
6058877390,PuckChamp,Axe,Puck,Sand King,Hoodwink,Winter Wyvern
6058877390,Team Empire,Luna,Lina,Timbersaw,Nyx Assassin,Treant Protector
6059661754,Team Empire,Luna,Invoker,Doom,Hoodwink,Treant Protector
6059661754,HellRaisers,Terrorblade,Lina,Axe,Phoenix,Winter Wyvern
6060911977,SG esports,Medusa,Batrider,Timbersaw,Lion,Nyx Assassin
6060911977,Unknown Team,Templar Assassin,Invoker,Dragon Knight,Hoodwink,Winter Wyvern
6059737749,HellRaisers,Luna,Kunkka,Pangolier,Shadow Demon,Elder Titan
6059737749,Team Empire,Nature's Prophet,Broodmother,Axe,Hoodwink,Tusk
6059831460,Team Empire,Luna,Invoker,Timbersaw,Enchantress,Clockwerk
6059831460,HellRaisers,Wraith King,Templar Assassin,Axe,Techies,Lina
6027655312,Evil Geniuses,Terrorblade,Viper,Mars,Elder Titan,Lina
6027655312,beastcoast,Bloodseeker,Templar Assassin,Beastmaster,Treant Protector,Dark Willow
6082594060,Tundra Esports,Luna,Void Spirit,Brewmaster,Nyx Assassin,Mirana
6082594060,OG,Templar Assassin,Invoker,Axe,Shadow Demon,Dark Willow
6027756889,beastcoast,Spectre,Ember Spirit,Magnus,Viper,Snapfire
6027756889,Evil Geniuses,Mars,Windranger,Naga Siren,Winter Wyvern,Skywrath Mage
6059988105,Team Empire,Naga Siren,Lina,Timbersaw,Hoodwink,Oracle
6059988105,Team Spirit,Terrorblade,Tiny,Axe,Ancient Apparition,Mirana
6082678236,OG,Templar Assassin,Pangolier,Dark Seer,Disruptor,Nyx Assassin
6082678236,Tundra Esports,Ursa,Winter Wyvern,Tidehunter,Abaddon,Mirana
6027892182,beastcoast,Phantom Lancer,Batrider,Mars,Treant Protector,Lion
6027892182,TNC Predator,Ursa,Templar Assassin,Tidehunter,Snapfire,Nyx Assassin
6060129110,Team Spirit,Luna,Templar Assassin,Underlord,Hoodwink,Phoenix
6060129110,Team Empire,Terrorblade,Invoker,Dragon Knight,Mirana,Snapfire
6060281684,Team Empire,Phantom Lancer,Puck,Axe,Lina,Snapfire
6060281684,Team Spirit,Faceless Void,Invoker,Night Stalker,Winter Wyvern,Hoodwink
6027988597,TNC Predator,Phantom Assassin,Tiny,Beastmaster,Magnus,Enchantress
6027988597,beastcoast,Faceless Void,Monkey King,Mars,Ancient Apparition,Rubick
6060426279,Team Spirit,Ursa,Leshrac,Mars,Lion,Mirana
6060426279,Team Empire,Phantom Lancer,Invoker,Timbersaw,Enchantress,Treant Protector
6028105868,Team Spirit,Phantom Assassin,Death Prophet,Tidehunter,Oracle,Snapfire
6028105868,PSG.LGD,Faceless Void,Lina,Mars,Grimstroke,Warlock
6060523770,Team Empire,Spectre,Invoker,Kunkka,Hoodwink,Enchantress
6060523770,Team Spirit,Phantom Assassin,Lina,Axe,Lion,Dark Willow
6028212151,Team Spirit,Terrorblade,Lina,Mars,Hoodwink,Phoenix
6028212151,PSG.LGD,Ursa,Leshrac,Axe,Grimstroke,Treant Protector
6028307505,Nigma,Faceless Void,Beastmaster,Mars,Enchantress,Skywrath Mage
6028307505,TNC Predator,Wraith King,Puck,Viper,Snapfire,Nyx Assassin
6028415672,TNC Predator,Magnus,Leshrac,Viper,Enchantress,Pangolier
6028415672,Nigma,Ursa,Invoker,Mars,Disruptor,Dark Willow
6029399411,TNC Predator,Phantom Assassin,Puck,Magnus,Snapfire,Pangolier
6029399411,PSG.LGD,Bloodseeker,Death Prophet,Dragon Knight,Winter Wyvern,Enchantress
6029513317,PSG.LGD,Axe,Templar Assassin,Leshrac,Phoenix,Clockwerk
6029513317,TNC Predator,Sand King,Razor,Monkey King,Ancient Apparition,Earth Spirit
6029647621,Evil Geniuses,Medusa,Batrider,Dragon Knight,Phoenix,Lina
6029647621,PSG.LGD,Ursa,Magnus,Omniknight,Clockwerk,Enchantress
6029767740,PSG.LGD,Axe,Lina,Dark Seer,Nyx Assassin,Phoenix
6029767740,Evil Geniuses,Wraith King,Dragon Knight,Mars,Ancient Apparition,Snapfire
6029877246,Team Liquid,Faceless Void,Lina,Mars,Winter Wyvern,Mirana
6029877246,TNC Predator,Axe,Templar Assassin,Dragon Knight,Enchantress,Phoenix
6029980302,TNC Predator,Axe,Leshrac,Bristleback,Clockwerk,Phoenix
6029980302,Team Liquid,Lone Druid,Templar Assassin,Mars,Lion,Snapfire
6030086704,Evil Geniuses,Naga Siren,Ember Spirit,Broodmother,Lion,Hoodwink
6030086704,Nigma,Bristleback,Puck,Magnus,Ancient Apparition,Dark Willow
6030163065,Nigma,Luna,Invoker,Dragon Knight,Lion,Phoenix
6030163065,Evil Geniuses,Arc Warden,Storm Spirit,Timbersaw,Enchantress,Nyx Assassin
6029392023,beastcoast,Magnus,Tiny,Wraith King,Viper,Shadow Shaman
6029392023,Vici Gaming,Timbersaw,Puck,Terrorblade,Ancient Apparition,Earth Spirit
6029511003,beastcoast,Wraith King,Kunkka,Beastmaster,Grimstroke,Clockwerk
6029511003,Vici Gaming,Faceless Void,Storm Spirit,Mars,Lina,Ancient Apparition
6029691087,Nigma,Spectre,Dragon Knight,Timbersaw,Lion,Phoenix
6029691087,Vici Gaming,Lifestealer,Lina,Mars,Dark Willow,Elder Titan
6029795129,beastcoast,Chaos Knight,Shadow Fiend,Timbersaw,Witch Doctor,Lion
6029795129,Team Spirit,Morphling,Ember Spirit,Dark Seer,Disruptor,Tiny
6029913487,Team Spirit,Lifestealer,Invoker,Dragon Knight,Winter Wyvern,Dark Willow
6029913487,beastcoast,Spectre,Void Spirit,Mars,Viper,Snapfire
6030085156,Team Spirit,Phantom Lancer,Dragon Knight,Kunkka,Winter Wyvern,Lion
6030085156,Team Liquid,Tiny,Templar Assassin,Broodmother,Oracle,Snapfire
6030875673,PSG.LGD,Doom,Templar Assassin,Slardar,Snapfire,Phoenix
6030875673,Vici Gaming,Troll Warlord,Ember Spirit,Dark Seer,Ancient Apparition,Earth Spirit
6030936024,PSG.LGD,Phantom Lancer,Magnus,Leshrac,Nyx Assassin,Warlock
6030936024,Vici Gaming,Juggernaut,Dragon Knight,Mars,Ancient Apparition,Lion
6031046560,TNC Predator,Ursa,Puck,Dragon Knight,Snapfire,Clockwerk
6031046560,Team Spirit,Wraith King,Mars,Underlord,Ancient Apparition,Dark Willow
6031206365,Team Spirit,Ursa,Invoker,Magnus,Lion,Phoenix
6031206365,TNC Predator,Dragon Knight,Lina,Venomancer,Snapfire,Nyx Assassin
6031339671,Nigma,Luna,Doom,Mars,Enchantress,Rubick
6031339671,beastcoast,Juggernaut,Puck,Timbersaw,Witch Doctor,Lion
6031437705,beastcoast,Tiny,Slark,Gyrocopter,Ancient Apparition,Tusk
6031437705,Nigma,Spectre,Mars,Batrider,Hoodwink,Phoenix
6031515062,Evil Geniuses,Razor,Batrider,Broodmother,Lion,Hoodwink
6031515062,Team Liquid,Axe,Shadow Fiend,Dragon Knight,Phoenix,Enchantress
6031605579,Evil Geniuses,Beastmaster,Ember Spirit,Viper,Clockwerk,Lion
6031605579,Team Liquid,Dragon Knight,Invoker,Luna,Oracle,Treant Protector
6031683231,Team Spirit,Drow Ranger,Puck,Tidehunter,Lion,Shadow Demon
6031683231,Team Liquid,Luna,Invoker,Centaur Warrunner,Oracle,Enchantress
6034640592,Nigma,Spectre,Invoker,Axe,Lion,Rubick
6034640592,Virtus.pro,Ursa,Magnus,Mars,Dark Willow,Ancient Apparition
6034687123,Virtus.pro,Kunkka,Templar Assassin,Mars,Mirana,Snapfire
6034687123,Nigma,Spectre,Razor,Beastmaster,Enchantress,Winter Wyvern
6033930417,Alliance,Slark,Death Prophet,Centaur Warrunner,Lion,Winter Wyvern
6033930417,PSG.LGD,Morphling,Puck,Magnus,Snapfire,Phoenix
6034022746,PSG.LGD,Drow Ranger,Razor,Axe,Mirana,Undying
6034022746,Alliance,Faceless Void,Tiny,Kunkka,Shadow Demon,Ancient Apparition
6033763787,T1,Morphling,Dragon Knight,Broodmother,Lion,Enchantress
6033763787,Team Aster,Terrorblade,Lina,Mars,Nyx Assassin,Phoenix
6033828511,Team Aster,Medusa,Death Prophet,Mars,Treant Protector,Lion
6033828511,T1,Lifestealer,Magnus,Viper,Enchantress,Abaddon
6034417665,Quincy Crew,Luna,Ember Spirit,Venomancer,Lion,Elder Titan
6034417665,NoPing Esports,Medusa,Kunkka,Timbersaw,Ancient Apparition,Nyx Assassin
6034484929,NoPing Esports,Gyrocopter,Storm Spirit,Centaur Warrunner,Abaddon,Hoodwink
6034484929,Quincy Crew,Ursa,Void Spirit,Viper,Clockwerk,Warlock
6034561846,NoPing Esports,Luna,Leshrac,Tidehunter,Abaddon,Tiny
6034561846,Quincy Crew,Terrorblade,Viper,Dragon Knight,Lion,Snapfire
6037154028,Nigma,Spectre,Leshrac,Dragon Knight,Lion,Rubick
6037154028,PSG.LGD,Terrorblade,Puck,Tidehunter,Mirana,Undying
6037257217,PSG.LGD,Drow Ranger,Storm Spirit,Mars,Mirana,Undying
6037257217,Nigma,Gyrocopter,Templar Assassin,Dragon Knight,Phoenix,Io
6037335318,PSG.LGD,Phantom Lancer,Death Prophet,Sand King,Shadow Demon,Phoenix
6037335318,Nigma,Terrorblade,Dragon Knight,Broodmother,Oracle,Io
6037420834,T1,Spectre,Dragon Knight,Nature's Prophet,Snapfire,Treant Protector
6037420834,Quincy Crew,Luna,Death Prophet,Tidehunter,Enchantress,Winter Wyvern
6037504112,Quincy Crew,Dark Seer,Ember Spirit,Luna,Hoodwink,Elder Titan
6037504112,T1,Terrorblade,Doom,Dragon Knight,Warlock,Phoenix
6037565900,Quincy Crew,Nature's Prophet,Windranger,Broodmother,Lion,Elder Titan
6037565900,T1,Phantom Assassin,Sand King,Viper,Abaddon,Winter Wyvern
6038968530,PSG.LGD,Spectre,Leshrac,Dragon Knight,Hoodwink,Winter Wyvern
6038968530,T1,Medusa,Batrider,Timbersaw,Lion,Treant Protector
6039044857,T1,Monkey King,Puck,Doom,Lion,Treant Protector
6039044857,PSG.LGD,Spectre,Leshrac,Axe,Skywrath Mage,Enchantress
6039119756,PSG.LGD,Wraith King,Leshrac,Doom,Nyx Assassin,Phoenix
6039119756,T1,Spectre,Puck,Axe,Warlock,Winter Wyvern
6035807546,Virtus.pro,Wraith King,Tiny,Timbersaw,Lion,Elder Titan
6035807546,Vici Gaming,Spectre,Storm Spirit,Dragon Knight,Ancient Apparition,Grimstroke
6035901389,Virtus.pro,Luna,Death Prophet,Centaur Warrunner,Windranger,Ancient Apparition
6035901389,Vici Gaming,Ursa,Lina,Mars,Phoenix,Abaddon
6035455715,Team Spirit,Wraith King,Windranger,Mars,Ancient Apparition,Mirana
6035455715,Alliance,Faceless Void,Viper,Underlord,Leshrac,Grimstroke
6035584181,Alliance,Wraith King,Leshrac,Magnus,Shadow Shaman,Winter Wyvern
6035584181,Team Spirit,Terrorblade,Puck,Underlord,Lion,Rubick
6035690975,Alliance,Ursa,Batrider,Dragon Knight,Grimstroke,Warlock
6035690975,Team Spirit,Troll Warlord,Tiny,Magnus,Winter Wyvern,Dark Willow
6035159079,Team Aster,Axe,Magnus,Troll Warlord,Winter Wyvern,Mirana
6035159079,TNC Predator,Night Stalker,Templar Assassin,Bristleback,Enchantress,Lion
6035334054,TNC Predator,Ursa,Tiny,Magnus,Warlock,Winter Wyvern
6035334054,Team Aster,Faceless Void,Puck,Dragon Knight,Enchantress,Skywrath Mage
6036054100,Evil Geniuses,Terrorblade,Void Spirit,Dragon Knight,Clockwerk,Hoodwink
6036054100,NoPing Esports,Sven,Invoker,Mars,Ancient Apparition,Lion
6036109553,NoPing Esports,Sven,Tiny,Timbersaw,Ancient Apparition,Hoodwink
6036109553,Evil Geniuses,Luna,Ember Spirit,Pangolier,Enchantress,Lion
6036146532,NoPing Esports,Nature's Prophet,Mars,Timbersaw,Abaddon,Hoodwink
6036146532,Evil Geniuses,Terrorblade,Ember Spirit,Sand King,Ancient Apparition,Lina
6036563229,Team Spirit,Spectre,Leshrac,Mars,Oracle,Phoenix
6036563229,Vici Gaming,Faceless Void,Dragon Knight,Doom,Winter Wyvern,Snapfire
6036636251,Team Spirit,Sven,Invoker,Mars,Grimstroke,Mirana
6036636251,Vici Gaming,Juggernaut,Kunkka,Dragon Knight,Ancient Apparition,Lina
6036747392,Evil Geniuses,Nature's Prophet,Puck,Viper,Lion,Earth Spirit
6036747392,TNC Predator,Morphling,Lina,Mars,Abaddon,Rubick
6036850305,TNC Predator,Dragon Knight,Templar Assassin,Lycan,Winter Wyvern,Grimstroke
6036850305,Evil Geniuses,Leshrac,Batrider,Razor,Lion,Earth Spirit
6036978461,TNC Predator,Luna,Batrider,Magnus,Winter Wyvern,Enchantress
6036978461,Evil Geniuses,Nature's Prophet,Ember Spirit,Timbersaw,Abaddon,Lion
6038301641,Quincy Crew,Venomancer,Templar Assassin,Wraith King,Tiny,Witch Doctor
6038301641,Vici Gaming,Spectre,Puck,Dragon Knight,Grimstroke,Ancient Apparition
6038489826,Quincy Crew,Death Prophet,Void Spirit,Bloodseeker,Winter Wyvern,Lion
6038489826,Vici Gaming,Medusa,Invoker,Timbersaw,Enchantress,Brewmaster
6038118011,Evil Geniuses,Timbersaw,Puck,Medusa,Witch Doctor,Lion
6038118011,Nigma,Troll Warlord,Death Prophet,Dragon Knight,Enchantress,Phoenix
6038190628,Nigma,Ember Spirit,Morphling,Mars,Clockwerk,Phoenix
6038190628,Evil Geniuses,Nature's Prophet,Puck,Tidehunter,Lion,Tusk
6038642649,Evil Geniuses,Broodmother,Batrider,Outworld Destroyer,Witch Doctor,Earth Spirit
6038642649,Vici Gaming,Spectre,Storm Spirit,Timbersaw,Winter Wyvern,Lion
6038753175,Vici Gaming,Medusa,Kunkka,Mars,Ancient Apparition,Dark Willow
6038753175,Evil Geniuses,Terrorblade,Templar Assassin,Dragon Knight,Lion,Hoodwink
6038835198,Evil Geniuses,Terrorblade,Puck,Timbersaw,Phoenix,Lion
6038835198,Vici Gaming,Faceless Void,Lina,Doom,Winter Wyvern,Grimstroke
6040147446,T1,Terrorblade,Doom,Dark Seer,Winter Wyvern,Clockwerk
6040147446,Evil Geniuses,Tidehunter,Puck,Naga Siren,Ancient Apparition,Lion
6040270220,Evil Geniuses,Terrorblade,Tiny,Dragon Knight,Elder Titan,Skywrath Mage
6040270220,T1,Juggernaut,Doom,Leshrac,Grimstroke,Nyx Assassin
6040431300,T1,Phantom Lancer,Dragon Knight,Elder Titan,Lion,Enchantress
6040431300,Evil Geniuses,Sand King,Puck,Terrorblade,Phoenix,Tusk
6040639859,PSG.LGD,Axe,Razor,Sand King,Hoodwink,Phoenix
6040639859,Evil Geniuses,Nature's Prophet,Lina,Timbersaw,Clockwerk,Lion
6040722034,Evil Geniuses,Nature's Prophet,Storm Spirit,Viper,Ancient Apparition,Earth Spirit
6040722034,PSG.LGD,Terrorblade,Death Prophet,Brewmaster,Shadow Shaman,Enchantress
6040802788,PSG.LGD,Naga Siren,Death Prophet,Axe,Mirana,Winter Wyvern
6040802788,Evil Geniuses,Terrorblade,Templar Assassin,Venomancer,Lion,Tusk