id_match,Team,Core,Mid,Hard,Hard support,Easy support
6077315496,Hellbear Smashers,Ace,BoraNija,rASmus,Gilgir,tOfu
6077315496,Nigma,iLTW,Miracle-,MinD_ContRoL,KuroKy,Gh
6054721399,Team Spirit,Yatoro,TORONTOTOKYO,Collapse,Miposhka,Mira
6054721399,Winstrike Team,DyrachYO,re1bl,chshrct,yamich,pantomem
6055237921,NoPing Esports,hFn k3,DarkMago‚ô•,Oscar,Pandaboo,Matthew
6055237921,Infinity,BernaBerna,PiPi,ArzenT,Pamplona,SexyeYogye
6044531562,AS Monaco Gambit,dr,Lorenof,AfterLife,Immersion,eine
6044531562,OG,SumaiL,Topson,Ceb,N0tail,Saksa
6066863360,The Cut,Scourge McDuck,Rusy,Vol,Froogoss,Pingu
6066863360,Undying,Timado,Bryle,SabeRLighT,MoonMeander,DuBu
6055337374,Infinity,BernaBerna,PiPi,ArzenT,Pamplona,SexyeYogye
6055337374,NoPing Esports,hFn k3,DarkMago‚ô•,Oscar,Pandaboo,Matthew
6077053276,Elephant,eurus,Somnus‰∏∂M,Yang,fy,SuperÔºÅ
6077053276,Team Magma,shylock,Dust,Tzy‰∏∂,kazz,ÁªµÁªµ
6054789053,Team Spirit,Yatoro,TORONTOTOKYO,Collapse,Miposhka,Mira
6054789053,Winstrike Team,DyrachYO,re1bl,chshrct,pantomem,yamich
6077391412,Hellbear Smashers,Ace,BoraNija,rASmus,Gilgir,tOfu
6077391412,Nigma,MinD_ContRoL,Miracle-,iLTW,KuroKy,Gh
6044632445,AS Monaco Gambit,AfterLife,Lorenof,dr,Immersion,eine
6044632445,OG,Ceb,Topson,SumaiL,N0tail,Saksa
6066937635,The Cut,Scourge McDuck,Rusy,Vol,Pingu,Froogoss
6066937635,Undying,Timado,Bryle,SabeRLighT,MoonMeander,DuBu
6055416325,Infinity,BernaBerna,PiPi,ArzenT,Pamplona,SexyeYogye
6055416325,NoPing Esports,hFn k3,DarkMago‚ô•,Oscar,Pandaboo,Matthew
6065946205,Team SMG,midone,MooN,kpii,Roddgeee,- ah fu -
6065946205,TNC Predator,Gabbi,Armel,Bok,Boomy,Tims
6023110186,Team Secret,MATUMBAMAN,Nisha,zai,Puppey,YapzOr
6023110186,AS Monaco Gambit,dr,Lorenof,AfterLife,Immersion,633
6077093828,Team Magma,shylock,Dust,Tzy‰∏∂,kazz,ÁªµÁªµ
6077093828,Elephant,eurus,Somnus‰∏∂M,Yang,fy,SuperÔºÅ
6077451521,Hellbear Smashers,Ace,BoraNija,rASmus,Gilgir,tOfu
6077451521,Nigma,iLTW,Miracle-,MinD_ContRoL,KuroKy,Gh
6055504299,Unknown Team,Angel,Robo-Z,Sacred,shccD,Wij
6055504299,Hokori,Lumi√®re,4nalog <6,Vitaly,Gard1ck,elmisho
6044541398,Team Unique,Palantimos,fn`,Ghostik,Slayer,Bignum
6044541398,Alliance,NikobabyÈæôÁöÑ‰º†‰∫∫,LIMMP,s4,Handsken,Fng
6066006419,TNC Predator,Gabbi,Armel,Bok,Boomy,Tims
6066006419,Team SMG,midone,MooN,kpii,Roddgeee,- ah fu -
6054858761,Team Unique,Palantimos,fn`,Ghostik,Slayer,Bignum
6054858761,PuckChamp,Krlt,Desperate-,meLes,Dukalis,Astral
6044650765,Alliance,NikobabyÈæôÁöÑ‰º†‰∫∫,LIMMP,s4,Handsken,Fng
6044650765,Team Unique,Palantimos,fn`,Ghostik,Slayer,Bignum
6023211594,AS Monaco Gambit,dr,Lorenof,AfterLife,Immersion,633
6023211594,Team Secret,MATUMBAMAN,Nisha,zai,Puppey,YapzOr
6067141029,bumble bEE's,EternaLEnVy,Ryoya,Mr.King√£o,Moo,ZFreek
6067141029,Black N Yellow,Yamsun,esK,zero,FLee,Jubei
6077539956,ViKin.gg,Shad,BOOM,KheZu,Seleri,Aramis
6077539956,OG,SumaiL,Topson,Ceb,N0tail,Saksa
6055650884,Hokori,Lumi√®re,4nalog <6,Vitaly,elmisho,Gard1ck
6055650884,Unknown Team,Angel,Robo-Z,Sacred,Wij,shccD
6044798651,Nigma,iLTW,Miracle-,MinD_ContRoL,KuroKy,Gh
6044798651,ViKin.gg,Shad,BOOM,KheZu,Seleri,Aramis
6077139580,LBZS,Wishing,Ê∞ó,Irving,Cat you,QYQX
6077139580,Royal Never Give Up,Âú£Â≠êÂçéÁÇº God King-Ëôé FEeDeR,ÁãÇÂ∞èÁü≥Dstones-,Flyby,Felixciaoba,Redpanda
6077673723,ViKin.gg,Shad,BOOM,KheZu,Seleri,Aramis
6077673723,OG,SumaiL,Topson,Ceb,N0tail,Saksa
6054960498,PuckChamp,Krlt,Desperate-,meLes,Dukalis,Astral
6054960498,Team Unique,Palantimos,fn`,Ghostik,Slayer,Bignum
6023332232,Execration,Palos,Yowe,Nikko,Rr^,BDz
6023332232,INVICTUS GAMING,flyfly,Emo,JT-,kaka,super
6044912534,Nigma,iLTW,Miracle-,MinD_ContRoL,KuroKy,Gh
6044912534,ViKin.gg,Shad,BOOM,KheZu,Seleri,Aramis
6067239305,D2 Hustlers,,Papatooty,Davai Lama,1437,pandaego
6067239305,Simply TOOBASED,boris,iAnnihilate,Monkeys-forever,5up,empyreaN
6077783362,ViKin.gg,Shad,BOOM,KheZu,Seleri,Aramis
6077783362,OG,SumaiL,Topson,Ceb,N0tail,Saksa
6055707837,EGOBOYS,Rises,Alone~,Drakeel,Tano,Cara
6055707837,Infamous Gaming,ùíëùíÇùíìùíåùíÜùíì,kxy-,Mariano,Michael-,A
6023444829,INVICTUS GAMING,flyfly,Emo,JT-,kaka,super
6023444829,Execration,Palos,Yowe,Nikko,Rr^,BDz
6077881639,Brame,Focus.,W1sh-,Skylark,SsaSpartan,CTOMAHEH1
6077881639,Tundra Esports,skiter,Nine,33,Fata,Sneyking
6055758217,Infamous Gaming,ùíëùíÇùíìùíåùíÜùíì,kxy-,Mariano,Michael-,A
6055758217,EGOBOYS,Rises,Alone~,Drakeel,Tano,Cara
6077183859,LBZS,Wishing,Ê∞ó,Irving,Cat you,QYQX
6077183859,Royal Never Give Up,Âú£Â≠êÂçéÁÇº God King-Ëôé FEeDeR,ÁãÇÂ∞èÁü≥Dstones-,Flyby,Felixciaoba,Redpanda
6067296131,D2 Hustlers,,Papatooty,Davai Lama,1437,pandaego
6067296131,Simply TOOBASED,boris,iAnnihilate,Monkeys-forever,5up,empyreaN
6044800348,Tundra Esports,skiter,Nine,33,Fata,Sneyking
6044800348,Team Liquid,iNSaNiA,Qojqva,Boxi,MiLAN,Taiga
6023673163,Team Secret,MATUMBAMAN,Nisha,zai,Puppey,YapzOr
6023673163,Vici Gaming,poyoyo,,old eLeVeN,Dy,Pyw
6077992719,Tundra Esports,skiter,Nine,33,Fata,Sneyking
6077992719,Brame,Focus.,W1sh-,Skylark,SsaSpartan,CTOMAHEH1
6055051894,EXTREMUM,nefrit,mellojul,Blizzy,G,Chu
6055051894,Natus Vincere,V-Tune,No[o]ne-,RAMZES666,SoNNeikO,RodjER
6055787041,EGOBOYS,Rises,Alone~,Drakeel,Tano,Cara
6055787041,Infamous Gaming,ùíëùíÇùíìùíåùíÜùíì,kxy-,Mariano,Michael-,A
6044920853,Tundra Esports,33,Nine,skiter,Fata,Sneyking
6044920853,Team Liquid,Boxi,Qojqva,iNSaNiA,MiLAN,Taiga
6066057020,Team SMG,midone,MooN,kpii,Roddgeee,- ah fu -
6066057020,TNC Predator,Gabbi,Armel,Bok,Boomy,Tims
6023752731,INVICTUS GAMING,flyfly,Emo,JT-,kaka,super
6023752731,Nigma,iLTW,Miracle-,MinD_ContRoL,KuroKy,Gh
6067345961,D2 Hustlers,,Papatooty,Davai Lama,1437,pandaego
6067345961,Simply TOOBASED,boris,iAnnihilate,Monkeys-forever,5up,empyreaN
6078068597,Spider Pigzs,Koma`,No!ob‚Ñ¢,Funn1k,LeBronDota,dnz
6078068597,Team Liquid,m`iCKe,Qojqva,Boxi,iNSaNiA,Taiga
6023828679,INVICTUS GAMING,flyfly,Emo,JT-,kaka,super
6023828679,Nigma,iLTW,Miracle-,MinD_ContRoL,KuroKy,Gh
6045055332,Virtus.pro,Nightfall,gpk~,DM,Save-,illias
6045055332,OG,SumaiL,Topson,Ceb,N0tail,Saksa
6055153086,Natus Vincere,V-Tune,No[o]ne-,RAMZES666,SoNNeikO,RodjER
6055153086,EXTREMUM,nefrit,mellojul,Blizzy,G,Chu
6055832598,BINOMISTAS,,mini,SexyFat,NUAGES,jupiter
6055832598,SG esports,Costabile,4dr ‚ô• Deia,tavo,KJ,Thiolicor
6078141185,Spider Pigzs,Koma`,No!ob‚Ñ¢,Funn1k,LeBronDota,dnz
6078141185,Team Liquid,m`iCKe,Qojqva,Boxi,iNSaNiA,Taiga
6077244824,Sparking Arrow Gaming,Ms,7e,Son Goku,XCJ,ËÄÅÁå´
6077244824,phoenix gaming,shiro,‰∏Ä,dolme,plAnet,zzq
6066123606,BOOM Esports,Dreamocel,Mikoto,Fbz,Khezcute,Hyde-
6066123606,Execration,Palos,Yowe,Nikko,Rr^,BDz
6023084699,Nigma,iLTW,Miracle-,MinD_ContRoL,KuroKy,Gh
6023084699,Vici Gaming,poyoyo,,old eLeVeN,Pyw,Dy
6045126712,OG,Ceb,Topson,Saksa,N0tail,SumaiL
6045126712,Virtus.pro,Nightfall,gpk~,DM,Save-,illias
6078222051,Spider Pigzs,Koma`,No!ob‚Ñ¢,Funn1k,LeBronDota,dnz
6078222051,Team Liquid,m`iCKe,Qojqva,Boxi,iNSaNiA,Taiga
6055874096,BINOMISTAS,,mini,SexyFat,NUAGES,jupiter
6055874096,SG esports,Costabile,4dr ‚ô• Deia,tavo,KJ,Thiolicor
6023208208,Vici Gaming,poyoyo,,old eLeVeN,Dy,Pyw
6023208208,Nigma,iLTW,Miracle-,MinD_ContRoL,KuroKy,Gh
6066192587,Execration,Palos,Yowe,Nikko,Rr^,BDz
6066192587,BOOM Esports,Dreamocel,Mikoto,Fbz,Khezcute,Hyde-
6079489926,Nigma,iLTW,Miracle-,MinD_ContRoL,KuroKy,Gh
6079489926,OG,SumaiL,Topson,Ceb,N0tail,Saksa
6045050854,Team Secret,MATUMBAMAN,Nisha,zai,Puppey,YapzOr
6045050854,Alliance,NikobabyÈæôÁöÑ‰º†‰∫∫,LIMMP,s4,Handsken,Fng
6067392464,Arkosh Gaming,Pale Horse,Canus Vulpus,Gremlo,Crow,Aui_2000
6067392464,4 Zoomers,Sammy,Gunnar,Brax,Husky,ocean
6055285271,HellRaisers,Cooman,young G,Resolut1on,W_Zayac,lil me alone
6055285271,AS Monaco Gambit,dr,Lorenof,AfterLife,Immersion,eine
6055922132,SG esports,Costabile,4dr ‚ô• Deia,tavo,KJ,Thiolicor
6055922132,BINOMISTAS,,mini,SexyFat,NUAGES,jupiter
6077304142,Sparking Arrow Gaming,Ms,7e,Son Goku,XCJ,ËÄÅÁå´
6077304142,phoenix gaming,shiro,‰∏Ä,dolme,plAnet,zzq
6023330168,AS Monaco Gambit,dr,Lorenof,AfterLife,Immersion,633
6023330168,Nigma,iLTW,Miracle-,MinD_ContRoL,KuroKy,Gh
6066239914,BOOM Esports,Dreamocel,Mikoto,Fbz,Khezcute,Hyde-
6066239914,Execration,Palos,Yowe,Nikko,Rr^,BDz
6079555406,Nigma,iLTW,Miracle-,MinD_ContRoL,KuroKy,Gh
6079555406,OG,SumaiL,Topson,Ceb,N0tail,Saksa
6023437931,Nigma,iLTW,Miracle-,MinD_ContRoL,KuroKy,Gh
6023437931,AS Monaco Gambit,dr,Lorenof,AfterLife,Immersion,633
6067439307,4 Zoomers,Brax,Gunnar,Sammy,Husky,ocean
6067439307,Arkosh Gaming,Pale Horse,Canus Vulpus,Gremlo,Crow,Aui_2000
6079627423,Nigma,iLTW,Miracle-,MinD_ContRoL,KuroKy,Gh
6079627423,OG,SumaiL,Topson,Ceb,N0tail,Saksa
6045131188,Alliance,NikobabyÈæôÁöÑ‰º†‰∫∫,LIMMP,s4,Handsken,Fng
6045131188,Team Secret,MATUMBAMAN,Nisha,zai,Puppey,YapzOr
6055381507,AS Monaco Gambit,dr,Lorenof,Immersion,AfterLife,eine
6055381507,HellRaisers,Cooman,young G,Resolut1on,W_Zayac,lil me alone
6023574998,Execration,Palos,Yowe,Nikko,Rr^,BDz
6023574998,AS Monaco Gambit,dr,Lorenof,AfterLife,Immersion,633
6077363253,phoenix gaming,shiro,‰∏Ä,dolme,plAnet,zzq
6077363253,Sparking Arrow Gaming,Ms,7e,Son Goku,XCJ,ËÄÅÁå´
6066339778,Œ©mega Esports,Tino,Mac,SamH,cml,Shanks
6066339778,Fnatic,Raven,ChYuaN,Deth,jabz,DJ
6067490075,Arkosh Gaming,Pale Horse,Canus Vulpus,Gremlo,Crow,Aui_2000
6067490075,4 Zoomers,Sammy,Gunnar,Brax,ocean,Husky
6057365632,Unknown Team,Angel,Robo-Z,Sacred,shccD,Wij
6057365632,Infinity,BernaBerna,PiPi,ArzenT,Pamplona,SexyeYogye
6066411685,Fnatic,Raven,ChYuaN,Deth,jabz,DJ
6066411685,Œ©mega Esports,Tino,Mac,SamH,cml,Shanks
6055443093,HellRaisers,Cooman,young G,Resolut1on,W_Zayac,lil me alone
6055443093,AS Monaco Gambit,dr,Lorenof,AfterLife,Immersion,eine
6045945211,T1,23,Karl,Ku,Whitemon,Xepher
6045945211,ViKin.gg,Shad,BOOM,KheZu,Seleri,Aramis
6057400901,Unknown Team,Angel,Robo-Z,Sacred,shccD,Wij
6057400901,Infinity,BernaBerna,PiPi,ArzenT,Pamplona,SexyeYogye
6023662185,AS Monaco Gambit,dr,Lorenof,AfterLife,Immersion,633
6023662185,Execration,Palos,Yowe,Nikko,Rr^,BDz
6066544589,Œ©mega Esports,Tino,Mac,SamH,cml,Shanks
6066544589,Fnatic,Raven,ChYuaN,Deth,jabz,DJ
6077441055,EHOME,Sylar,Xm,Chalice,xNova,Fade
6077441055,Aster.Aries,Ulu,phoenix,ÁîüÊ≠ª,yoona,Siamese.C
6046047547,T1,23,Karl,Ku,Whitemon,Xepher
6046047547,ViKin.gg,Shad,BOOM,KheZu,Seleri,Aramis
6057150378,PuckChamp,Krlt,Desperate-,meLes,Dukalis,Astral
6057150378,Team Spirit,Yatoro,TORONTOTOKYO,Collapse,Miposhka,Mira
6068967778,Undying,Timado,Bryle,SabeRLighT,MoonMeander,DuBu
6068967778,Black N Yellow,Yamsun,esK,zero,FLee,Jubei
6057442840,Unknown Team,Angel,Robo-Z,Sacred,shccD,Wij
6057442840,Infinity,BernaBerna,PiPi,ArzenT,Pamplona,SexyeYogye
6066656279,OB.Neon,Natsumi-,Yopaj,Enryu,ctm,Jaunuel
6066656279,Motivate.Trust Gaming,Masaros,Fearless,JaCkky,LionaX,Q
6023755332,Execration,Palos,Yowe,Nikko,Rr^,BDz
6023755332,Vici Gaming,poyoyo,,old eLeVeN,Dy,Pyw
6079318907,Team Liquid,m`iCKe,Qojqva,Boxi,iNSaNiA,Taiga
6079318907,Tundra Esports,skiter,Nine,33,Fata,Sneyking
6066807874,OB.Neon,Natsumi-,Yopaj,Enryu,ctm,Jaunuel
6066807874,Motivate.Trust Gaming,Masaros,Fearless,JaCkky,LionaX,Q
6077528757,Aster.Aries,Ulu,phoenix,ÁîüÊ≠ª,yoona,Siamese.C
6077528757,EHOME,Sylar,Xm,Chalice,xNova,Fade
6056680187,Natus Vincere,V-Tune,No[o]ne-,RAMZES666,SoNNeikO,RodjER
6056680187,HellRaisers,Cooman,young G,Resolut1on,W_Zayac,lil me alone
6068770727,4 Zoomers,Sammy,Gunnar,Brax,Husky,ocean
6068770727,Simply TOOBASED,boris,iAnnihilate,Monkeys-forever,5up,empyreaN
6057256535,SG esports,Costabile,4dr ‚ô• Deia,tavo,KJ,Thiolicor
6057256535,EGOBOYS,Rises,Alone~,Drakeel,Tano,Cara
6068152791,BOOM Esports,Dreamocel,Mikoto,Fbz,Khezcute,Hyde-
6068152791,TNC Predator,Gabbi,Armel,Bok,Boomy,Tims
6045945212,Quincy Crew,YS,Quinn,LESL√ÉO,MSS,LoA
6045945212,Tundra Esports,skiter,Nine,33,Fata,Sneyking
6023821096,Execration,Palos,Yowe,Nikko,Rr^,BDz
6023821096,Vici Gaming,poyoyo,,old eLeVeN,Dy,Pyw
6068281552,BOOM Esports,Dreamocel,Mikoto,Fbz,Khezcute,Hyde-
6068281552,TNC Predator,Gabbi,Armel,Bok,Boomy,Tims
6068828802,4 Zoomers,Sammy,Gunnar,Brax,Husky,ocean
6068828802,Simply TOOBASED,boris,iAnnihilate,Monkeys-forever,5up,empyreaN
6079100944,Elephant,eurus,Somnus‰∏∂M,Yang,fy,SuperÔºÅ
6079100944,Royal Never Give Up,Âú£Â≠êÂçéÁÇº God King-Ëôé FEeDeR,ÁãÇÂ∞èÁü≥Dstones-,Flyby,Felixciaoba,Redpanda
6057304856,EGOBOYS,Rises,Alone~,Drakeel,Tano,Cara
6057304856,SG esports,Costabile,4dr ‚ô• Deia,tavo,KJ,Thiolicor
6067731910,Fnatic,Raven,ChYuaN,Deth,jabz,DJ
6067731910,OB.Neon,Natsumi-,Yopaj,Enryu,ctm,Jaunuel
6079411610,Tundra Esports,skiter,Nine,33,Fata,Sneyking
6079411610,Team Liquid,m`iCKe,Qojqva,Boxi,iNSaNiA,Taiga
6056941914,Natus Vincere,V-Tune,No[o]ne-,RAMZES666,SoNNeikO,RodjER
6056941914,HellRaisers,Cooman,young G,Resolut1on,W_Zayac,lil me alone
6068880793,4 Zoomers,Sammy,Gunnar,Brax,Husky,ocean
6068880793,Simply TOOBASED,boris,iAnnihilate,Monkeys-forever,5up,empyreaN
6024546902,AS Monaco Gambit,dr,Lorenof,AfterLife,Immersion,633
6024546902,Vici Gaming,poyoyo,,old eLeVeN,Pyw,Dy
6067814637,OB.Neon,Natsumi-,Yopaj,Enryu,ctm,Jaunuel
6067814637,Fnatic,Raven,ChYuaN,Deth,jabz,DJ
6070369341,Undying,Timado,Bryle,SabeRLighT,MoonMeander,DuBu
6070369341,4 Zoomers,Sammy,Gunnar,Brax,ocean,Husky
6079209111,Elephant,eurus,Somnus‰∏∂M,Yang,fy,SuperÔºÅ
6079209111,Royal Never Give Up,Âú£Â≠êÂçéÁÇº God King-Ëôé FEeDeR,ÁãÇÂ∞èÁü≥Dstones-,Flyby,Felixciaoba,Redpanda
6058770520,SG esports,Costabile,4dr ‚ô• Deia,tavo,KJ,Thiolicor
6058770520,Infinity,BernaBerna,PiPi,ArzenT,Pamplona,SexyeYogye
6046061195,Tundra Esports,skiter,Nine,33,Fata,Sneyking
6046061195,Quincy Crew,YS,Quinn,LESL√ÉO,MSS,LoA
6067890712,OB.Neon,Natsumi-,Yopaj,Enryu,ctm,Jaunuel
6067890712,Fnatic,Raven,ChYuaN,Deth,jabz,DJ
6058324141,Team Spirit,Yatoro,TORONTOTOKYO,Collapse,Miposhka,Mira
6058324141,HellRaisers,Cooman,young G,Resolut1on,W_Zayac,lil me alone
6070412895,4 Zoomers,Brax,Gunnar,Sammy,Husky,ocean
6070412895,Undying,Timado,Bryle,SabeRLighT,MoonMeander,DuBu
6024639368,AS Monaco Gambit,dr,Lorenof,AfterLife,Immersion,633
6024639368,Vici Gaming,poyoyo,,old eLeVeN,Pyw,Dy
6069479087,Fnatic,Raven,ChYuaN,Deth,jabz,DJ
6069479087,TNC Predator,Gabbi,Armel,Bok,Boomy,Tims
6078760980,EHOME,Sylar,Xm,Chalice,xNova,Fade
6078760980,Sparking Arrow Gaming,Ms,7e,Son Goku,XCJ,ËÄÅÁå´
6068423829,The Cut,Scourge McDuck,Rusy,Vol,Pingu,Froogoss
6068423829,DogChamp,Creep-,RayLalisa,luki luki,Bloody Nine,yarin
6058842112,SG esports,Costabile,4dr ‚ô• Deia,tavo,KJ,Thiolicor
6058842112,Infinity,BernaBerna,PiPi,ArzenT,Pamplona,SexyeYogye
6058468809,HellRaisers,Cooman,young G,Resolut1on,W_Zayac,lil me alone
6058468809,Team Spirit,Yatoro,TORONTOTOKYO,Collapse,Miposhka,Mira
6046161478,Quincy Crew,YS,Quinn,LESL√ÉO,MSS,LoA
6046161478,Tundra Esports,skiter,Nine,33,Fata,Sneyking
6065949277,Army Geniuses,db-,MamangDaya,womy,Lym-,you, K
6065949277,496 Gaming,Drew,hunghung,DatBb,Bombi,Hustla
6080708496,Tundra Esports,skiter,Nine,33,Fata,Sneyking
6080708496,OG,SumaiL,Topson,Ceb,N0tail,Saksa
6078816994,Sparking Arrow Gaming,Ms,7e,Son Goku,XCJ,ËÄÅÁå´
6078816994,EHOME,Sylar,Xm,Chalice,xNova,Fade
6068477024,The Cut,Scourge McDuck,Rusy,Vol,Froogoss,Pingu
6068477024,DogChamp,Creep-,RayLalisa,luki luki,Bloody Nine,yarin
6047370399,Virtus.pro,Nightfall,gpk~,DM,Save-,illias
6047370399,Alliance,NikobabyÈæôÁöÑ‰º†‰∫∫,LIMMP,s4,Handsken,Fng
6056749425,NoPing Esports,hFn k3,DarkMago‚ô•,Oscar,Pandaboo,Matthew
6056749425,Interitus,fcr,Rayuur,,DFlash,AMINN
6058592191,HellRaisers,Cooman,young G,Resolut1on,W_Zayac,lil me alone
6058592191,Team Spirit,Yatoro,TORONTOTOKYO,Collapse,Miposhka,Mira
6080808402,Tundra Esports,skiter,Nine,33,Fata,Sneyking
6080808402,OG,SumaiL,Topson,Ceb,N0tail,Saksa
6080108469,EHOME,Sylar,Xm,Chalice,xNova,Fade
6080108469,Elephant,eurus,Somnus‰∏∂M,Yang,fy,SuperÔºÅ
6065999387,496 Gaming,Drew,hunghung,DatBb,Bombi,Hustla
6065999387,Army Geniuses,db-,MamangDaya,womy,you, K,Lym-
6047454799,Alliance,NikobabyÈæôÁöÑ‰º†‰∫∫,LIMMP,s4,Handsken,Fng
6047454799,Virtus.pro,Nightfall,gpk~,DM,Save-,illias
6068551967,The Cut,Scourge McDuck,Rusy,Vol,Froogoss,Pingu
6068551967,DogChamp,Creep-,RayLalisa,luki luki,Bloody Nine,yarin
6024839000,Nigma,iLTW,Miracle-,MinD_ContRoL,KuroKy,Gh
6024839000,Execration,Palos,Yowe,Nikko,Rr^,BDz
6047550708,Virtus.pro,Nightfall,gpk~,DM,Save-,illias
6047550708,Alliance,NikobabyÈæôÁöÑ‰º†‰∫∫,LIMMP,s4,Handsken,Fng
6080181199,Elephant,eurus,Somnus‰∏∂M,Yang,fy,SuperÔºÅ
6080181199,EHOME,Sylar,Xm,Chalice,xNova,Fade
6056852885,Interitus,fcr,Rayuur,,DFlash,AMINN
6056852885,NoPing Esports,hFn k3,DarkMago‚ô•,Oscar,Matthew,Pandaboo
6024951129,Nigma,iLTW,Miracle-,MinD_ContRoL,KuroKy,Gh
6024951129,Team Secret,MATUMBAMAN,Nisha,zai,Puppey,YapzOr
6054718020,NoTechies,layme,Dame,Fogas,Solo,xsvampire
6054718020,B8,watson;,.',Dendi,–í—Ä–µ–º—è –≤ –Ω–∏–∫—É–¥–∞,Nofear,[T]SA
6047661988,Quincy Crew,YS,Quinn,MSS,LESL√ÉO,LoA
6047661988,T1,Ku,Karl,23,Whitemon,Xepher
6066046273,Team Mystery,mks-,mercury,X1aOyU,wayne,QWE
6066046273,Galaxy Racer Esports,inYourdreaM,AlaCrity-,mizu,poloson,Jhocam
6080247712,EHOME,Sylar,Xm,Chalice,xNova,Fade
6080247712,Elephant,eurus,Somnus‰∏∂M,Yang,fy,SuperÔºÅ
6068629992,5ManMidas,dnm,RRL,lies,aikster,rayy
6068629992,D2 Hustlers,,Papatooty,Davai Lama,1437,pandaego
6047788894,T1,23,Karl,Ku,Whitemon,Xepher
6047788894,Quincy Crew,YS,Quinn,LESL√ÉO,MSS,LoA
6025172903,Team Secret,MATUMBAMAN,Nisha,zai,Puppey,YapzOr
6025172903,Nigma,iLTW,Miracle-,MinD_ContRoL,KuroKy,Gh
6077316325,Chicken Fighters,charlie,Supream^,Xibbe,Era,
6077316325,No Bounty Hunter,lowskill,ntakii,BliNcc,Flash,Future
6049229017,Virtus.pro,Nightfall,gpk~,DM,Save-,illias
6049229017,T1,23,Karl,Ku,Whitemon,Xepher
6056746655,Latam Defenders,Cucahook,Black Soul,Œ£Valqui,Moonlight,Aretes
6056746655,Hokori,Lumi√®re,4nalog <6,Vitaly,elmisho,Gard1ck
6054797926,B8,watson;,.',Dendi,–í—Ä–µ–º—è –≤ –Ω–∏–∫—É–¥–∞,Nofear,[T]SA
6054797926,NoTechies,layme,Dame,Fogas,Solo,xsvampire
6025259930,INVICTUS GAMING,JT-,Emo,flyfly,kaka,super
6025259930,Team Secret,MATUMBAMAN,Nisha,zai,Puppey,YapzOr
6078481298,Team Magma,shylock,Dust,Tzy‰∏∂,kazz,ÁªµÁªµ
6078481298,CDEC,once.,Blood,Beyond,Â∞èÈ©¨,Ëµ∑È£é‰∫Ü
6068688740,D2 Hustlers,,Papatooty,1437,Davai Lama,pandaego
6068688740,5ManMidas,dnm,RRL,lies,aikster,rayy
6049360832,T1,23,Karl,Ku,Whitemon,Xepher
6049360832,Virtus.pro,Nightfall,gpk~,DM,Save-,illias
6025323952,Team Secret,Nisha,MATUMBAMAN,zai,Puppey,YapzOr
6025323952,INVICTUS GAMING,flyfly,Emo,JT-,kaka,super
6077363549,No Bounty Hunter,lowskill,ntakii,BliNcc,Future,Flash
6077363549,Chicken Fighters,charlie,Supream^,Xibbe,Era,
6049437221,T1,Ku,Karl,23,Whitemon,Xepher
6049437221,Virtus.pro,DM,gpk~,Nightfall,Save-,illias
6078527166,CDEC,once.,Blood,Beyond,Â∞èÈ©¨,Ëµ∑È£é‰∫Ü
6078527166,Team Magma,shylock,Dust,Tzy‰∏∂,kazz,ÁªµÁªµ
6056951677,Hokori,Lumi√®re,4nalog <6,Vitaly,elmisho,Gard1ck
6056951677,Latam Defenders,Cucahook,Black Soul,Œ£Valqui,Moonlight,Aretes
6046483211,AS Monaco Gambit,dr,Lorenof,AfterLife,Immersion,eine
6046483211,Tundra Esports,skiter,Nine,33,Fata,Sneyking
6025387755,Nigma,iLTW,Miracle-,MinD_ContRoL,KuroKy,Gh
6025387755,INVICTUS GAMING,flyfly,Emo,JT-,kaka,super
6066158092,Cignal Ultra,Abat,Jamesy¬¥,Van,,Grimz
6066158092,South Built Esports,Bensoy,Bob,Samael,Zenki,jobeeezy
6068625727,Arkosh Gaming,Pale Horse,Canus Vulpus,Gremlo,Crow,Aui_2000
6068625727,felt,tae,Yellow Flash,Zore,Koyaanisqatsi,
6046569234,Tundra Esports,skiter,Nine,33,Fata,Sneyking
6046569234,AS Monaco Gambit,dr,Lorenof,AfterLife,Immersion,eine
6078576105,Team Magma,shylock,Dust,Tzy‰∏∂,kazz,ÁªµÁªµ
6078576105,CDEC,once.,Blood,Beyond,Â∞èÈ©¨,Ëµ∑È£é‰∫Ü
6054859816,Trident Clan,Munkushi~,squad1x,Fraser,sQreen,SoulEater
6054859816,Nemiga Gaming,Kiritych~,Ainkrad,TheChosenOne,Â§©Â†Ç,Lodine
6024552204,Execration,Palos,Yowe,Nikko,Rr^,BDz
6024552204,Team Secret,MATUMBAMAN,Nisha,zai,Puppey,YapzOr
6046470417,ViKin.gg,Shad,BOOM,KheZu,Seleri,Aramis
6046470417,Team Unique,Palantimos,fn`,Ghostik,Bignum,Slayer
6057015475,Infamous Gaming,ùíëùíÇùíìùíåùíÜùíì,kxy-,Mariano,Michael-,A
6057015475,Omega Gaming,mingatte,Jeimari,Lissex,ShakaLord,Demon
6077447817,Into The Breach,lil pleb,adzantick,malik,Fishman,TANNER
6077447817,Hippomaniacs,SlaweE,Mambos,Tipek,Filminy,Muf
6024633154,Team Secret,MATUMBAMAN,Nisha,zai,Puppey,YapzOr
6024633154,Execration,Palos,Yowe,Nikko,Rr^,BDz
6068735577,Arkosh Gaming,Gremlo,Canus Vulpus,Pale Horse,Crow,Aui_2000
6068735577,felt,tae,Yellow Flash,Zore,,Koyaanisqatsi
6046544052,ViKin.gg,Shad,BOOM,KheZu,Seleri,Aramis
6046544052,Team Unique,Palantimos,fn`,Ghostik,Bignum,Slayer
6078632746,Xtreme¬† Gaming,OOQ,Storm,AYuNiD,Nado,aqua
6078632746,Aster.Aries,Ulu,phoenix,ÁîüÊ≠ª,yoona,Siamese.C
6054926748,Nemiga Gaming,Kiritych~,Â§©Â†Ç,TheChosenOne,Ainkrad,Lodine
6054926748,Trident Clan,Munkushi~,squad1x,Fraser,sQreen,SoulEater
6046220760,Nigma,iLTW,Miracle-,MinD_ContRoL,KuroKy,Gh
6046220760,Team Secret,zai,Nisha,MATUMBAMAN,Puppey,YapzOr
6024739769,INVICTUS GAMING,flyfly,Emo,JT-,kaka,super
6024739769,Vici Gaming,poyoyo,,old eLeVeN,Dy,Pyw
6057079568,Infamous Gaming,ùíëùíÇùíìùíåùíÜùíì,kxy-,Mariano,Michael-,A
6057079568,Omega Gaming,mingatte,Jeimari,Lissex,ShakaLord,Demon
6078685621,Aster.Aries,Ulu,phoenix,ÁîüÊ≠ª,yoona,Siamese.C
6078685621,Xtreme¬† Gaming,OOQ,Storm,AYuNiD,Nado,aqua
6077499738,Hippomaniacs,SlaweE,Mambos,Tipek,Filminy,Muf
6077499738,Into The Breach,lil pleb,adzantick,malik,Fishman,TANNER
6067481477,Lilgun,Sanctity-,x123,MaRveL-,Ace12,Hishgee
6067481477,Team SMG,midone,MooN,kpii,- ah fu -,Roddgeee
6068802013,bumble bEE's,EternaLEnVy,Ryoya,Mr.King√£o,Moo,ZFreek
6068802013,DogChamp,Creep-,RayLalisa,luki luki,Bloody Nine,yarin
6024827482,INVICTUS GAMING,flyfly,Emo,JT-,kaka,super
6024827482,Vici Gaming,poyoyo,,old eLeVeN,Dy,Pyw
6046399362,Team Secret,zai,Nisha,MATUMBAMAN,Puppey,YapzOr
6046399362,Nigma,iLTW,Miracle-,MinD_ContRoL,KuroKy,Gh
6056135229,Team Empire,Smiling Knight,depressed kid,Petushara,sayuw,VANSKOR
6056135229,Winstrike Team,DyrachYO,re1bl,chshrct,yamich,pantomem
6078773128,LBZS,Wishing,Ê∞ó,Irving,Cat you,QYQX
6078773128,Team Magma,shylock,Dust,Tzy‰∏∂,kazz,ÁªµÁªµ
6046275234,OG,SumaiL,Topson,Ceb,N0tail,Saksa
6046275234,Team Liquid,Illidan Stormrage,Boxi,Qojqva,iNSaNiA,Taiga
6024925076,INVICTUS GAMING,flyfly,Emo,JT-,kaka,super
6024925076,AS Monaco Gambit,dr,Lorenof,AfterLife,Immersion,633
6067538339,Lilgun,x123,Sanctity-,MaRveL-,Ace12,Hishgee
6067538339,Team SMG,midone,MooN,kpii,- ah fu -,Roddgeee
6078763173,Hellbear Smashers,Ace,BoraNija,rASmus,Gilgir,tOfu
6078763173,Ghost Frogs,Crystallis,MTD,Tobi,MiLAN,j4
6046389369,Team Liquid,Illidan Stormrage,Qojqva,Boxi,iNSaNiA,Taiga
6046389369,OG,SumaiL,Topson,Ceb,N0tail,Saksa
6068855353,bumble bEE's,EternaLEnVy,Ryoya,Mr.King√£o,Moo,ZFreek
6068855353,DogChamp,Creep-,RayLalisa,luki luki,Bloody Nine,yarin
6078833569,LBZS,Wishing,Ê∞ó,Irving,Cat you,QYQX
6078833569,Team Magma,shylock,Dust,Tzy‰∏∂,kazz,ÁªµÁªµ
6025014333,AS Monaco Gambit,dr,Lorenof,AfterLife,Immersion,633
6025014333,INVICTUS GAMING,flyfly,Emo,JT-,kaka,super
6056228969,Winstrike Team,DyrachYO,re1bl,chshrct,yamich,pantomem
6056228969,Team Empire,Smiling Knight,depressed kid,Petushara,sayuw,VANSKOR
6047895488,AS Monaco Gambit,dr,Lorenof,AfterLife,Immersion,eine
6047895488,ViKin.gg,Shad,BOOM,KheZu,Seleri,Aramis
6057149049,BINOMISTAS,,mini,SexyFat,NUAGES,jupiter
6057149049,Inverse,QUESADILLA,Migi,Meley,Slaw,Flakks
6067481645,Execration,Palos,Yowe,Nikko,Rr^,BDz
6067481645,496 Gaming,Drew,hunghung,DatBb,Bombi,Hustla
6047991403,ViKin.gg,Shad,BOOM,KheZu,Seleri,Aramis
6047991403,AS Monaco Gambit,dr,Lorenof,AfterLife,Immersion,eine
6078846132,Ghost Frogs,Crystallis,MTD,Tobi,MiLAN,j4
6078846132,Hellbear Smashers,Ace,BoraNija,rASmus,Gilgir,tOfu
6068895002,D2 Hustlers,,Papatooty,Davai Lama,1437,pandaego
6068895002,Arkosh Gaming,Pale Horse,Canus Vulpus,Gremlo,Crow,Aui_2000
6078906548,phoenix gaming,shiro,‰∏Ä,dolme,zzq,plAnet
6078906548,Aster.Aries,Ulu,phoenix,ÁîüÊ≠ª,yoona,Siamese.C
6026011973,Evil Geniuses,Arteezy,Abed,iceiceice,Fly,Cr1t-
6026011973,TNC Predator,Gabbi,Armel,Bok,Boomy,Tims
6047897871,Nigma,iLTW,Miracle-,MinD_ContRoL,KuroKy,Gh
6047897871,OG,SumaiL,Topson,Ceb,N0tail,Saksa
6056136378,Team Unique,Palantimos,fn`,Ghostik,Slayer,Bignum
6056136378,B8,watson;,.',Dendi,–í—Ä–µ–º—è –≤ –Ω–∏–∫—É–¥–∞,Nofear,[T]SA
6026091566,TNC Predator,Gabbi,Armel,Bok,Boomy,Tims
6026091566,Evil Geniuses,Arteezy,Abed,iceiceice,Fly,Cr1t-
6078995664,phoenix gaming,shiro,‰∏Ä,dolme,plAnet,zzq
6078995664,Aster.Aries,Ulu,phoenix,ÁîüÊ≠ª,yoona,Siamese.C
6047986029,OG,SumaiL,Topson,Ceb,N0tail,Saksa
6047986029,Nigma,iLTW,Miracle-,MinD_ContRoL,KuroKy,Gh
6078913575,Ghost Frogs,Crystallis,MTD,Tobi,MiLAN,j4
6078913575,Hellbear Smashers,Ace,BoraNija,rASmus,Gilgir,tOfu
6067538989,496 Gaming,Drew,hunghung,DatBb,Bombi,Hustla
6067538989,Execration,Palos,Yowe,Nikko,Rr^,BDz
6057225124,Hokori,Lumi√®re,4nalog <6,Vitaly,Gard1ck,elmisho
6057225124,NoPing Esports,hFn k3,DarkMago‚ô•,Oscar,Pandaboo,Matthew
6068940251,Arkosh Gaming,Pale Horse,Canus Vulpus,Gremlo,Crow,Aui_2000
6068940251,D2 Hustlers,,Papatooty,Davai Lama,1437,pandaego
6078767378,Chicken Fighters,charlie,Supream^,Xibbe,Era,
6078767378,ViKin.gg,Shad,BOOM,KheZu,Seleri,Aramis
6048044058,OG,SumaiL,Topson,Ceb,N0tail,Saksa
6048044058,Nigma,iLTW,Miracle-,MinD_ContRoL,KuroKy,Gh
6079109141,Aster.Aries,Ulu,phoenix,ÁîüÊ≠ª,yoona,Siamese.C
6079109141,phoenix gaming,shiro,‰∏Ä,dolme,plAnet,zzq
6026219483,beastcoast,k1,Chris luck,Wisper,ST!NG3R,Scofield:‚ù§KAT
6026219483,PSG.LGD,ËêßÁëü,NothingToSay,Faith_bian,XinQ,y`
6078835307,ViKin.gg,Shad,BOOM,KheZu,Seleri,Aramis
6078835307,Chicken Fighters,charlie,Supream^,Xibbe,Era,
6056205424,B8,watson;,.',Dendi,–í—Ä–µ–º—è –≤ –Ω–∏–∫—É–¥–∞,Nofear,[T]SA
6056205424,Team Unique,Palantimos,fn`,Ghostik,Slayer,Bignum
6067608148,Execration,Palos,Yowe,Nikko,Rr^,BDz
6067608148,496 Gaming,Drew,hunghung,DatBb,Bombi,Hustla
6048938116,ViKin.gg,Shad,BOOM,KheZu,Seleri,Aramis
6048938116,Alliance,NikobabyÈæôÁöÑ‰º†‰∫∫,LIMMP,s4,Handsken,Fng
6079001945,Into The Breach,lil pleb,adzantick,malik,Fishman,TANNER
6079001945,Brame,Focus.,W1sh-,Skylark,SsaSpartan,CTOMAHEH1
6026361127,beastcoast,k1,Chris luck,Wisper,ST!NG3R,Scofield:‚ù§KAT
6026361127,PSG.LGD,ËêßÁëü,NothingToSay,Faith_bian,XinQ,y`
6069930421,bumble bEE's,EternaLEnVy,Ryoya,Mr.King√£o,Moo,ZFreek
6069930421,Simply TOOBASED,boris,iAnnihilate,Monkeys-forever,5up,empyreaN
6079903917,Team Magma,shylock,Dust,Tzy‰∏∂,kazz,ÁªµÁªµ
6079903917,Sparking Arrow Gaming,Ms,7e,Son Goku,XCJ,ËÄÅÁå´
6079071958,Into The Breach,lil pleb,adzantick,malik,Fishman,TANNER
6079071958,Brame,Focus.,W1sh-,Skylark,SsaSpartan,CTOMAHEH1
6057282874,NoPing Esports,hFn k3,DarkMago‚ô•,Oscar,Pandaboo,Matthew
6057282874,Hokori,Lumi√®re,4nalog <6,Vitaly,Gard1ck,elmisho
6049053288,Alliance,NikobabyÈæôÁöÑ‰º†‰∫∫,LIMMP,s4,Handsken,Fng
6049053288,ViKin.gg,Shad,BOOM,KheZu,Seleri,Aramis
6070040465,bumble bEE's,EternaLEnVy,Ryoya,Mr.King√£o,Moo,ZFreek
6070040465,Simply TOOBASED,boris,iAnnihilate,Monkeys-forever,5up,empyreaN
6026468379,Team Liquid,m`iCKe,SumaiL,Qojqva,iNSaNiA,Taiga
6026468379,Vici Gaming,poyoyo,,old eLeVeN,Dy,Pyw
6079202085,Into The Breach,lil pleb,adzantick,malik,Fishman,TANNER
6079202085,Brame,Focus.,W1sh-,Skylark,SsaSpartan,CTOMAHEH1
6067596085,Œ©mega Esports,Tino,Mac,SamH,cml,Shanks
6067596085,Galaxy Racer Esports,inYourdreaM,AlaCrity-,mizu,poloson,Jhocam
6079953535,Team Magma,shylock,Dust,Tzy‰∏∂,kazz,ÁªµÁªµ
6079953535,Sparking Arrow Gaming,Ms,7e,Son Goku,XCJ,ËÄÅÁå´
6070130213,bumble bEE's,EternaLEnVy,Ryoya,Mr.King√£o,Moo,ZFreek
6070130213,Simply TOOBASED,boris,iAnnihilate,Monkeys-forever,5up,empyreaN
6056316785,Nemiga Gaming,Kiritych~,Ainkrad,TheChosenOne,Â§©Â†Ç,Lodine
6056316785,EXTREMUM,nefrit,mellojul,Blizzy,G,Chu
6048937284,OG,SumaiL,Topson,Ceb,N0tail,Saksa
6048937284,Quincy Crew,YS,Quinn,LESL√ÉO,MSS,LoA
6057335567,Infamous Gaming,ùíëùíÇùíìùíåùíÜùíì,kxy-,Mariano,Michael-,A
6057335567,BINOMISTAS,,mini,SexyFat,NUAGES,jupiter
6070245400,Black N Yellow,Yamsun,esK,zero,FLee,Jubei
6070245400,Arkosh Gaming,Pale Horse,Canus Vulpus,Gremlo,Crow,Aui_2000
6078923814,Spider Pigzs,Koma`,No!ob‚Ñ¢,Funn1k,LeBronDota,dnz
6078923814,Team Bald Reborn,Gorgc,Xcalibur,Rajjix,pieliedie,Pablo
6049050352,Quincy Crew,LESL√ÉO,Quinn,YS,MSS,LoA
6049050352,OG,SumaiL,Topson,Ceb,N0tail,Saksa
6070298419,Arkosh Gaming,Gremlo,Canus Vulpus,Pale Horse,Crow,Aui_2000
6070298419,Black N Yellow,zero,esK,Yamsun,FLee,Jubei
6080001045,Royal Never Give Up,Âú£Â≠êÂçéÁÇº God King-Ëôé FEeDeR,ÁãÇÂ∞èÁü≥Dstones-,Flyby,Felixciaoba,Redpanda
6080001045,Aster.Aries,Ulu,phoenix,ÁîüÊ≠ª,yoona,Siamese.C
6026574176,Team Liquid,m`iCKe,SumaiL,Qojqva,iNSaNiA,Taiga
6026574176,Vici Gaming,poyoyo,,old eLeVeN,Pyw,Dy
6067666906,Œ©mega Esports,Tino,Mac,SamH,cml,Shanks
6067666906,Galaxy Racer Esports,inYourdreaM,AlaCrity-,mizu,poloson,Jhocam
6079148465,Spider Pigzs,Funn1k,No!ob‚Ñ¢,Koma`,LeBronDota,dnz
6079148465,Team Bald Reborn,Rajjix,Xcalibur,Gorgc,pieliedie,Pablo
6070459198,bumble bEE's,EternaLEnVy,Ryoya,Mr.King√£o,Moo,ZFreek
6070459198,Black N Yellow,Yamsun,esK,zero,FLee,Jubei
6057384149,BINOMISTAS,,mini,SexyFat,NUAGES,jupiter
6057384149,Infamous Gaming,ùíëùíÇùíìùíåùíÜùíì,kxy-,Mariano,Michael-,A
6056416709,EXTREMUM,nefrit,mellojul,Blizzy,G,Chu
6056416709,Nemiga Gaming,Kiritych~,Ainkrad,TheChosenOne,Â§©Â†Ç,Lodine
6079261923,Chicken Fighters,charlie,Supream^,Xibbe,Era,
6079261923,Hellbear Smashers,Ace,BoraNija,rASmus,Gilgir,tOfu
6026675519,Vici Gaming,poyoyo,,old eLeVeN,Dy,Pyw
6026675519,TNC Predator,Gabbi,Armel,Bok,Boomy,Tims
6070512304,bumble bEE's,EternaLEnVy,Ryoya,Mr.King√£o,Moo,ZFreek
6070512304,Black N Yellow,Yamsun,esK,zero,FLee,Jubei
6080048932,Royal Never Give Up,Âú£Â≠êÂçéÁÇº God King-Ëôé FEeDeR,ÁãÇÂ∞èÁü≥Dstones-,Flyby,Felixciaoba,Redpanda
6080048932,Aster.Aries,Ulu,phoenix,ÁîüÊ≠ª,yoona,Siamese.C
6049557684,OG,SumaiL,Topson,Ceb,N0tail,Saksa
6049557684,Alliance,s4,LIMMP,NikobabyÈæôÁöÑ‰º†‰∫∫,Handsken,Fng
6079386505,Chicken Fighters,charlie,Supream^,Xibbe,Era,
6079386505,Hellbear Smashers,Ace,BoraNija,rASmus,Gilgir,tOfu
6026757158,TNC Predator,Gabbi,Armel,Bok,Boomy,Tims
6026757158,Vici Gaming,poyoyo,,old eLeVeN,Dy,Pyw
6070583719,bumble bEE's,EternaLEnVy,Ryoya,Mr.King√£o,Moo,ZFreek
6070583719,Black N Yellow,Yamsun,esK,zero,FLee,Jubei
6057429141,Infamous Gaming,ùíëùíÇùíìùíåùíÜùíì,kxy-,Mariano,Michael-,A
6057429141,BINOMISTAS,,mini,SexyFat,NUAGES,jupiter
6067657925,Cignal Ultra,Abat,Jamesy¬¥,Van,,Grimz
6067657925,Motivate.Trust Gaming,JaCkky,Fearless,Masaros,LionaX,Q
6080339905,Royal Never Give Up,Âú£Â≠êÂçéÁÇº God King-Ëôé FEeDeR,ÁãÇÂ∞èÁü≥Dstones-,Flyby,Felixciaoba,Redpanda
6080339905,Team Magma,shylock,Dust,Tzy‰∏∂,kazz,ÁªµÁªµ
6079470359,Spider Pigzs,Koma`,No!ob‚Ñ¢,Funn1k,LeBronDota,dnz
6079470359,Into The Breach,lil pleb,adzantick,malik,Fishman,TANNER
6026013605,Team Liquid,m`iCKe,SumaiL,Qojqva,iNSaNiA,Taiga
6026013605,beastcoast,k1,Chris luck,Wisper,Scofield:‚ù§KAT,ST!NG3R
6071803988,4 Zoomers,Sammy,Gunnar,Brax,Husky,ocean
6071803988,bumble bEE's,EternaLEnVy,Ryoya,Mr.King√£o,Moo,ZFreek
6056582479,Nemiga Gaming,Kiritych~,Ainkrad,TheChosenOne,Â§©Â†Ç,Lodine
6056582479,EXTREMUM,Blizzy,mellojul,nefrit,G,Chu
6080395234,Royal Never Give Up,Âú£Â≠êÂçéÁÇº God King-Ëôé FEeDeR,ÁãÇÂ∞èÁü≥Dstones-,Flyby,Felixciaoba,Redpanda
6080395234,Team Magma,shylock,Dust,Tzy‰∏∂,kazz,ÁªµÁªµ
6079532974,Spider Pigzs,Koma`,No!ob‚Ñ¢,Funn1k,LeBronDota,dnz
6079532974,Into The Breach,lil pleb,adzantick,malik,Fishman,TANNER
6026106253,Team Liquid,m`iCKe,SumaiL,Qojqva,iNSaNiA,Taiga
6026106253,beastcoast,k1,Chris luck,Wisper,ST!NG3R,Scofield:‚ù§KAT
6071914455,4 Zoomers,Sammy,Gunnar,Brax,Husky,ocean
6071914455,bumble bEE's,EternaLEnVy,Ryoya,Mr.King√£o,Moo,ZFreek
6080459928,Royal Never Give Up,Âú£Â≠êÂçéÁÇº God King-Ëôé FEeDeR,ÁãÇÂ∞èÁü≥Dstones-,Flyby,Felixciaoba,Redpanda
6080459928,Team Magma,shylock,Dust,Tzy‰∏∂,kazz,ÁªµÁªµ
6067705179,Cignal Ultra,Abat,Jamesy¬¥,Van,,Grimz
6067705179,Motivate.Trust Gaming,JaCkky,Fearless,Masaros,LionaX,Q
6058377114,EGOBOYS,Rises,Alone~,Drakeel,Tano,Cara
6058377114,NoPing Esports,hFn k3,DarkMago‚ô•,Oscar,Pandaboo,Matthew
6071984808,4 Zoomers,Brax,Gunnar,Sammy,Husky,ocean
6071984808,bumble bEE's,EternaLEnVy,Ryoya,Mr.King√£o,Moo,ZFreek
6026231485,Team Spirit,Yatoro,TORONTOTOKYO,Collapse,Miposhka,Mira
6026231485,Evil Geniuses,iceiceice,Abed,Arteezy,Fly,Cr1t-
6081496014,Elephant,eurus,Somnus‰∏∂M,Yang,fy,SuperÔºÅ
6081496014,Team Magma,shylock,Dust,Tzy‰∏∂,kazz,ÁªµÁªµ
6049652918,Alliance,NikobabyÈæôÁöÑ‰º†‰∫∫,LIMMP,s4,Handsken,Fng
6049652918,OG,SumaiL,Topson,Ceb,N0tail,Saksa
6056389893,Fantastic Five,rari,Askold,Lasthero-,633,Le don
6056389893,AS Monaco Gambit,dr,Lorenof,AfterLife,Immersion,eine
6072077922,Undying,Timado,Bryle,SabeRLighT,MoonMeander,DuBu
6072077922,4 Zoomers,Sammy,Gunnar,Brax,Husky,ocean
6080362759,Chicken Fighters,charlie,Supream^,Xibbe,Era,
6080362759,Team Liquid,m`iCKe,Qojqva,Boxi,iNSaNiA,Taiga
6081547301,Team Magma,shylock,Dust,Tzy‰∏∂,kazz,ÁªµÁªµ
6081547301,Elephant,eurus,Somnus‰∏∂M,Yang,fy,SuperÔºÅ
6072143944,4 Zoomers,Sammy,Gunnar,Brax,Husky,ocean
6072143944,Undying,Timado,Bryle,SabeRLighT,MoonMeander,DuBu
6067770560,Execration,Palos,Yowe,Nikko,Rr^,BDz
6067770560,Team SMG,midone,MooN,kpii,Roddgeee,- ah fu -
6080417552,Chicken Fighters,charlie,Supream^,Xibbe,Era,
6080417552,Team Liquid,m`iCKe,Qojqva,Boxi,iNSaNiA,Taiga
6058494460,NoPing Esports,hFn k3,DarkMago‚ô•,Oscar,Pandaboo,Matthew
6058494460,EGOBOYS,Rises,Alone~,Drakeel,Tano,Cara
6081649693,Elephant,eurus,Somnus‰∏∂M,Yang,fy,SuperÔºÅ
6081649693,EHOME,Sylar,Xm,Chalice,xNova,Fade
6050625911,T1,23,Karl,Ku,Whitemon,Xepher
6050625911,Alliance,NikobabyÈæôÁöÑ‰º†‰∫∫,LIMMP,s4,Handsken,Fng
6080517396,Spider Pigzs,Koma`,No!ob‚Ñ¢,Funn1k,LeBronDota,dnz
6080517396,Nigma,iLTW,Miracle-,MinD_ContRoL,KuroKy,Gh
6081734536,EHOME,Sylar,Xm,Chalice,Fade,xNova
6081734536,Elephant,eurus,Somnus‰∏∂M,Yang,fy,SuperÔºÅ
6056513924,AS Monaco Gambit,dr,Lorenof,AfterLife,Immersion,eine
6056513924,Fantastic Five,rari,Askold,Lasthero-,633,Le don
6050732096,Alliance,s4,LIMMP,NikobabyÈæôÁöÑ‰º†‰∫∫,Handsken,Fng
6050732096,T1,Ku,Karl,23,Whitemon,Xepher
6080602503,Nigma,iLTW,Miracle-,MinD_ContRoL,KuroKy,Gh
6080602503,Spider Pigzs,Koma`,No!ob‚Ñ¢,Funn1k,LeBronDota,dnz
6081805157,Elephant,eurus,Somnus‰∏∂M,Yang,fy,SuperÔºÅ
6081805157,EHOME,Sylar,Xm,Chalice,xNova,Fade
6026329775,Evil Geniuses,Arteezy,Abed,iceiceice,Fly,Cr1t-
6026329775,Team Spirit,Yatoro,TORONTOTOKYO,Collapse,Miposhka,Mira
6067842155,Execration,Nikko,Yowe,Palos,Rr^,BDz
6067842155,Team SMG,midone,MooN,kpii,Roddgeee,- ah fu -
6058609483,BINOMISTAS,,mini,SexyFat,NUAGES,jupiter
6058609483,Unknown Team,Angel,Robo-Z,Sacred,Wij,shccD
6080913054,Team Liquid,m`iCKe,Qojqva,Boxi,iNSaNiA,Taiga
6080913054,Nigma,iLTW,Miracle-,MinD_ContRoL,KuroKy,Gh
6081888081,EHOME,Sylar,Xm,Chalice,xNova,Fade
6081888081,Elephant,eurus,Somnus‰∏∂M,Yang,fy,SuperÔºÅ
6056645678,AS Monaco Gambit,dr,Lorenof,AfterLife,Immersion,eine
6056645678,Fantastic Five,rari,Askold,Lasthero-,633,Le don
6050937230,Virtus.pro,Nightfall,gpk~,DM,Save-,illias
6050937230,T1,23,Karl,Ku,Whitemon,Xepher
6067910553,Execration,Palos,Yowe,Nikko,Rr^,BDz
6067910553,Team SMG,midone,MooN,kpii,Roddgeee,- ah fu -
6058696782,Unknown Team,Angel,Robo-Z,Sacred,Wij,shccD
6058696782,BINOMISTAS,,mini,SexyFat,NUAGES,jupiter
6026470153,Nigma,iLTW,Miracle-,MinD_ContRoL,KuroKy,Gh
6026470153,PSG.LGD,ËêßÁëü,NothingToSay,Faith_bian,XinQ,y`
6081000417,Nigma,iLTW,Miracle-,MinD_ContRoL,KuroKy,Gh
6081000417,Team Liquid,m`iCKe,Boxi,Qojqva,iNSaNiA,Taiga
6051032596,Virtus.pro,Nightfall,gpk~,DM,Save-,illias
6051032596,T1,23,Karl,Ku,Whitemon,Xepher
6056828463,Team Empire,Smiling Knight,depressed kid,Petushara,sayuw,VANSKOR
6056828463,Team Unique,Palantimos,fn`,Ghostik,Slayer,Bignum
6058926863,NoPing Esports,hFn k3,DarkMago‚ô•,Oscar,Pandaboo,Matthew
6058926863,Unknown Team,Angel,Robo-Z,Sacred,Wij,shccD
6026564858,Nigma,iLTW,Miracle-,MinD_ContRoL,KuroKy,Gh
6026564858,PSG.LGD,ËêßÁëü,NothingToSay,Faith_bian,XinQ,y`
6081062156,Nigma,iLTW,Miracle-,MinD_ContRoL,KuroKy,Gh
6081062156,Team Liquid,m`iCKe,Qojqva,Boxi,iNSaNiA,Taiga
6067993716,Motivate.Trust Gaming,JaCkky,Fearless,Masaros,LionaX,Q
6067993716,Galaxy Racer Esports,inYourdreaM,AlaCrity-,mizu,poloson,Jhocam
6056961029,Team Unique,Palantimos,fn`,Ghostik,Slayer,Bignum
6056961029,Team Empire,Smiling Knight,depressed kid,Petushara,sayuw,VANSKOR
6051126706,T1,23,Karl,Ku,Whitemon,Xepher
6051126706,Virtus.pro,Nightfall,gpk~,DM,Save-,illias
6026660506,Nigma,iLTW,Miracle-,MinD_ContRoL,KuroKy,Gh
6026660506,Team Spirit,Yatoro,TORONTOTOKYO,Collapse,Miposhka,Mira
6057031059,Team Empire,Smiling Knight,depressed kid,Petushara,sayuw,VANSKOR
6057031059,Team Unique,Palantimos,fn`,Ghostik,Slayer,Bignum
6051198824,Virtus.pro,Nightfall,gpk~,DM,Save-,illias
6051198824,T1,23,Karl,Ku,Whitemon,Xepher
6058993154,NoPing Esports,hFn k3,DarkMago‚ô•,Oscar,Pandaboo,Matthew
6058993154,Unknown Team,Angel,Robo-Z,Sacred,Wij,shccD
6069011823,OB.Neon,Natsumi-,Yopaj,Enryu,ctm,Jaunuel
6069011823,Execration,Palos,Yowe,Nikko,Rr^,BDz
6069086044,OB.Neon,Natsumi-,Yopaj,Enryu,ctm,Jaunuel
6069086044,Execration,Palos,Yowe,Nikko,Rr^,BDz
6057110230,Nemiga Gaming,Kiritych~,Ainkrad,TheChosenOne,Â§©Â†Ç,Lodine
6057110230,Fantastic Five,rari,Askold,Lasthero-,633,Le don
6051279227,Virtus.pro,Nightfall,gpk~,DM,Save-,illias
6051279227,T1,23,Karl,Ku,Whitemon,Xepher
6069140416,Execration,Nikko,Yowe,Palos,Rr^,BDz
6069140416,OB.Neon,Natsumi-,Yopaj,Enryu,ctm,Jaunuel
6081890096,OG,SumaiL,Topson,Ceb,N0tail,Saksa
6081890096,Nigma,iLTW,Miracle-,MinD_ContRoL,KuroKy,Gh
6027661945,Team Spirit,Yatoro,TORONTOTOKYO,Collapse,Miposhka,Mira
6027661945,Vici Gaming,poyoyo,,old eLeVeN,Dy,Pyw
6057192433,Fantastic Five,rari,Askold,Lasthero-,633,Le don
6057192433,Nemiga Gaming,Kiritych~,Ainkrad,TheChosenOne,Â§©Â†Ç,Lodine
6059037237,NoPing Esports,hFn k3,DarkMago‚ô•,Oscar,Pandaboo,Matthew
6059037237,Unknown Team,Angel,Robo-Z,Sacred,Wij,shccD
6027769248,Team Spirit,Yatoro,TORONTOTOKYO,Collapse,Miposhka,Mira
6027769248,Vici Gaming,poyoyo,,old eLeVeN,Dy,Pyw
6057266417,Nemiga Gaming,Kiritych~,Ainkrad,TheChosenOne,Â§©Â†Ç,Lodine
6057266417,Fantastic Five,rari,Askold,Lasthero-,633,Le don
6081978485,OG,SumaiL,Topson,Ceb,N0tail,Saksa
6081978485,Nigma,iLTW,Miracle-,MinD_ContRoL,KuroKy,Gh
6060553138,Infinity,BernaBerna,PiPi,ArzenT,Pamplona,SexyeYogye
6060553138,Unknown Team,Angel,Robo-Z,Sacred,Wij,shccD
6027906800,Nigma,iLTW,Miracle-,MinD_ContRoL,KuroKy,Gh
6027906800,Team Liquid,m`iCKe,SumaiL,Qojqva,iNSaNiA,Taiga
6057771633,Team Empire,Smiling Knight,depressed kid,Petushara,sayuw,VANSKOR
6057771633,Natus Vincere,V-Tune,No[o]ne-,RAMZES666,SoNNeikO,RodjER
6057841980,Team Empire,Smiling Knight,depressed kid,Petushara,sayuw,VANSKOR
6057841980,Natus Vincere,V-Tune,No[o]ne-,RAMZES666,SoNNeikO,RodjER
6082074457,OG,SumaiL,Topson,Ceb,N0tail,Saksa
6082074457,Nigma,iLTW,Miracle-,MinD_ContRoL,KuroKy,Gh
6070996580,Fnatic,Raven,ChYuaN,Deth,jabz,DJ
6070996580,TNC Predator,Gabbi,Armel,Bok,Boomy,Tims
6057922460,Natus Vincere,V-Tune,No[o]ne-,RAMZES666,SoNNeikO,RodjER
6057922460,Team Empire,Smiling Knight,depressed kid,Petushara,sayuw,VANSKOR
6060630738,Unknown Team,Angel,Robo-Z,Sacred,shccD,Wij
6060630738,Infinity,BernaBerna,PiPi,ArzenT,Pamplona,SexyeYogye
6071087562,TNC Predator,Gabbi,Armel,Bok,Boomy,Tims
6071087562,Fnatic,Raven,ChYuaN,Deth,jabz,DJ
6058001849,Nemiga Gaming,Kiritych~,Ainkrad,TheChosenOne,Â§©Â†Ç,Lodine
6058001849,PuckChamp,Krlt,Desperate-,meLes,Dukalis,Astral
6060728395,SG esports,Costabile,4dr ‚ô• Deia,tavo,KJ,Thiolicor
6060728395,Unknown Team,Angel,Robo-Z,Sacred,shccD,Wij
6071205619,Fnatic,Raven,ChYuaN,Deth,jabz,DJ
6071205619,TNC Predator,Gabbi,Armel,Bok,Boomy,Tims
6028052212,Nigma,iLTW,Miracle-,MinD_ContRoL,KuroKy,Gh
6028052212,Team Liquid,m`iCKe,SumaiL,Qojqva,iNSaNiA,Taiga
6058101270,PuckChamp,Krlt,Desperate-,meLes,Dukalis,Astral
6058101270,Nemiga Gaming,Kiritych~,Ainkrad,TheChosenOne,Â§©Â†Ç,Lodine
6082238182,OG,SumaiL,Topson,Ceb,N0tail,Saksa
6082238182,Tundra Esports,skiter,Nine,33,Fata,Sneyking
6071325564,TNC Predator,Gabbi,Armel,Bok,Boomy,Tims
6071325564,Fnatic,Raven,ChYuaN,Deth,jabz,DJ
6058219763,Nemiga Gaming,Kiritych~,Ainkrad,TheChosenOne,Â§©Â†Ç,Lodine
6058219763,PuckChamp,Krlt,Desperate-,meLes,Dukalis,Astral
6060800152,SG esports,Costabile,4dr ‚ô• Deia,tavo,KJ,Thiolicor
6060800152,Unknown Team,Angel,Robo-Z,Sacred,shccD,Wij
6071453424,Fnatic,Raven,ChYuaN,Deth,jabz,DJ
6071453424,TNC Predator,Gabbi,Armel,Bok,Boomy,Tims
6058714700,Team Empire,Smiling Knight,depressed kid,Petushara,sayuw,VANSKOR
6058714700,PuckChamp,Krlt,Desperate-,meLes,Dukalis,Astral
6028187182,Evil Geniuses,Arteezy,Abed,iceiceice,Fly,Cr1t-
6028187182,Vici Gaming,poyoyo,,old eLeVeN,Dy,Pyw
6082397383,Tundra Esports,skiter,Nine,33,Fata,Sneyking
6082397383,OG,SumaiL,Topson,Ceb,N0tail,Saksa
6028286082,Evil Geniuses,Arteezy,Abed,iceiceice,Fly,Cr1t-
6028286082,Vici Gaming,poyoyo,,old eLeVeN,Dy,Pyw
6058791468,PuckChamp,Krlt,Desperate-,meLes,Dukalis,Astral
6058791468,Team Empire,Smiling Knight,depressed kid,Petushara,sayuw,VANSKOR
6060853707,SG esports,Costabile,4dr ‚ô• Deia,tavo,KJ,Thiolicor
6060853707,Unknown Team,Angel,Robo-Z,Sacred,Wij,shccD
6028370071,PSG.LGD,ËêßÁëü,NothingToSay,Faith_bian,XinQ,y`
6028370071,Team Liquid,m`iCKe,SumaiL,Qojqva,iNSaNiA,Taiga
6082512086,OG,SumaiL,Topson,Ceb,N0tail,Saksa
6082512086,Tundra Esports,skiter,Nine,33,Fata,Sneyking
6028456376,PSG.LGD,ËêßÁëü,NothingToSay,Faith_bian,XinQ,y`
6028456376,Team Liquid,m`iCKe,SumaiL,Qojqva,iNSaNiA,Taiga
6058877390,PuckChamp,Krlt,Desperate-,meLes,Dukalis,Astral
6058877390,Team Empire,Smiling Knight,depressed kid,Petushara,sayuw,VANSKOR
6059661754,Team Empire,Smiling Knight,depressed kid,Petushara,sayuw,VANSKOR
6059661754,HellRaisers,Cooman,young G,Resolut1on,W_Zayac,lil me alone
6060911977,SG esports,Costabile,4dr ‚ô• Deia,tavo,KJ,Thiolicor
6060911977,Unknown Team,Angel,Robo-Z,Sacred,Wij,shccD
6059737749,HellRaisers,Cooman,young G,Resolut1on,W_Zayac,lil me alone
6059737749,Team Empire,Smiling Knight,depressed kid,Petushara,sayuw,VANSKOR
6059831460,Team Empire,Smiling Knight,depressed kid,Petushara,sayuw,VANSKOR
6059831460,HellRaisers,Cooman,young G,Resolut1on,W_Zayac,lil me alone
6027655312,Evil Geniuses,Arteezy,Abed,iceiceice,Fly,Cr1t-
6027655312,beastcoast,k1,Chris luck,Wisper,ST!NG3R,Scofield:‚ù§KAT
6082594060,Tundra Esports,skiter,Nine,33,Fata,Sneyking
6082594060,OG,SumaiL,Topson,Ceb,N0tail,Saksa
6027756889,beastcoast,k1,Chris luck,Wisper,ST!NG3R,Scofield:‚ù§KAT
6027756889,Evil Geniuses,iceiceice,Abed,Arteezy,Fly,Cr1t-
6059988105,Team Empire,Smiling Knight,depressed kid,Petushara,sayuw,VANSKOR
6059988105,Team Spirit,Yatoro,TORONTOTOKYO,Collapse,Miposhka,Mira
6082678236,OG,SumaiL,Topson,Ceb,N0tail,Saksa
6082678236,Tundra Esports,skiter,Nine,33,Fata,Sneyking
6027892182,beastcoast,k1,Chris luck,Wisper,ST!NG3R,Scofield:‚ù§KAT
6027892182,TNC Predator,Gabbi,Armel,Bok,Boomy,Tims
6060129110,Team Spirit,Yatoro,TORONTOTOKYO,Collapse,Miposhka,Mira
6060129110,Team Empire,Smiling Knight,depressed kid,Petushara,sayuw,VANSKOR
6060281684,Team Empire,Smiling Knight,depressed kid,Petushara,sayuw,VANSKOR
6060281684,Team Spirit,Yatoro,TORONTOTOKYO,Collapse,Miposhka,Mira
6027988597,TNC Predator,Gabbi,Armel,Bok,Boomy,Tims
6027988597,beastcoast,k1,Chris luck,Wisper,ST!NG3R,Scofield:‚ù§KAT
6060426279,Team Spirit,Yatoro,TORONTOTOKYO,Collapse,Miposhka,Mira
6060426279,Team Empire,Smiling Knight,depressed kid,Petushara,sayuw,VANSKOR
6028105868,Team Spirit,Yatoro,TORONTOTOKYO,Collapse,Miposhka,Mira
6028105868,PSG.LGD,ËêßÁëü,NothingToSay,Faith_bian,XinQ,y`
6060523770,Team Empire,Smiling Knight,depressed kid,Petushara,sayuw,VANSKOR
6060523770,Team Spirit,Yatoro,TORONTOTOKYO,Collapse,Miposhka,Mira
6028212151,Team Spirit,Yatoro,TORONTOTOKYO,Collapse,Miposhka,Mira
6028212151,PSG.LGD,ËêßÁëü,NothingToSay,Faith_bian,XinQ,y`
6028307505,Nigma,iLTW,Miracle-,MinD_ContRoL,KuroKy,Gh
6028307505,TNC Predator,Gabbi,Armel,Bok,Boomy,Tims
6028415672,TNC Predator,Gabbi,Armel,Bok,Boomy,Tims
6028415672,Nigma,iLTW,Miracle-,MinD_ContRoL,KuroKy,Gh
6029399411,TNC Predator,Gabbi,Armel,Bok,Boomy,Tims
6029399411,PSG.LGD,ËêßÁëü,NothingToSay,Faith_bian,XinQ,y`
6029513317,PSG.LGD,ËêßÁëü,NothingToSay,Faith_bian,XinQ,y`
6029513317,TNC Predator,Bok,Armel,Gabbi,Boomy,Tims
6029647621,Evil Geniuses,Arteezy,Abed,iceiceice,Fly,Cr1t-
6029647621,PSG.LGD,ËêßÁëü,NothingToSay,Faith_bian,XinQ,y`
6029767740,PSG.LGD,ËêßÁëü,NothingToSay,Faith_bian,XinQ,y`
6029767740,Evil Geniuses,Arteezy,Abed,iceiceice,Fly,Cr1t-
6029877246,Team Liquid,m`iCKe,SumaiL,Qojqva,iNSaNiA,Taiga
6029877246,TNC Predator,Gabbi,Armel,Bok,Boomy,Tims
6029980302,TNC Predator,Gabbi,Armel,Bok,Boomy,Tims
6029980302,Team Liquid,Qojqva,SumaiL,m`iCKe,iNSaNiA,Taiga
6030086704,Evil Geniuses,Arteezy,Abed,iceiceice,Fly,Cr1t-
6030086704,Nigma,MinD_ContRoL,Miracle-,iLTW,KuroKy,Gh
6030163065,Nigma,iLTW,Miracle-,MinD_ContRoL,KuroKy,Gh
6030163065,Evil Geniuses,Arteezy,Abed,iceiceice,Fly,Cr1t-
6029392023,beastcoast,Wisper,Chris luck,k1,ST!NG3R,Scofield:‚ù§KAT
6029392023,Vici Gaming,old eLeVeN,,poyoyo,Dy,Pyw
6029511003,beastcoast,k1,Chris luck,Wisper,ST!NG3R,Scofield:‚ù§KAT
6029511003,Vici Gaming,poyoyo,,old eLeVeN,Pyw,Dy
6029691087,Nigma,iLTW,Miracle-,MinD_ContRoL,KuroKy,Gh
6029691087,Vici Gaming,poyoyo,,old eLeVeN,Pyw,Dy
6029795129,beastcoast,k1,Chris luck,Wisper,ST!NG3R,Scofield:‚ù§KAT
6029795129,Team Spirit,Yatoro,TORONTOTOKYO,Collapse,Miposhka,Mira
6029913487,Team Spirit,Yatoro,TORONTOTOKYO,Collapse,Miposhka,Mira
6029913487,beastcoast,k1,Chris luck,Wisper,ST!NG3R,Scofield:‚ù§KAT
6030085156,Team Spirit,Yatoro,TORONTOTOKYO,Collapse,Miposhka,Mira
6030085156,Team Liquid,m`iCKe,SumaiL,Qojqva,iNSaNiA,Taiga
6030875673,PSG.LGD,ËêßÁëü,NothingToSay,Faith_bian,XinQ,y`
6030875673,Vici Gaming,poyoyo,,old eLeVeN,Dy,Pyw
6030936024,PSG.LGD,ËêßÁëü,NothingToSay,Faith_bian,XinQ,y`
6030936024,Vici Gaming,poyoyo,,old eLeVeN,Dy,Pyw
6031046560,TNC Predator,Gabbi,Armel,Bok,Boomy,Tims
6031046560,Team Spirit,Yatoro,TORONTOTOKYO,Collapse,Miposhka,Mira
6031206365,Team Spirit,Yatoro,TORONTOTOKYO,Collapse,Miposhka,Mira
6031206365,TNC Predator,Gabbi,Armel,Bok,Boomy,Tims
6031339671,Nigma,iLTW,Miracle-,MinD_ContRoL,KuroKy,Gh
6031339671,beastcoast,k1,Chris luck,Wisper,ST!NG3R,Scofield:‚ù§KAT
6031437705,beastcoast,Wisper,Chris luck,k1,ST!NG3R,Scofield:‚ù§KAT
6031437705,Nigma,iLTW,Miracle-,MinD_ContRoL,KuroKy,Gh
6031515062,Evil Geniuses,Arteezy,Abed,iceiceice,Fly,Cr1t-
6031515062,Team Liquid,m`iCKe,SumaiL,Qojqva,iNSaNiA,Taiga
6031605579,Evil Geniuses,iceiceice,Abed,Arteezy,Fly,Cr1t-
6031605579,Team Liquid,Qojqva,SumaiL,m`iCKe,iNSaNiA,Taiga
6031683231,Team Spirit,Yatoro,TORONTOTOKYO,Collapse,Miposhka,Mira
6031683231,Team Liquid,m`iCKe,SumaiL,Qojqva,iNSaNiA,Taiga
6034640592,Nigma,iLTW,Miracle-,MinD_ContRoL,KuroKy,Gh
6034640592,Virtus.pro,Nightfall,gpk~,DM,Save-,illias
6034687123,Virtus.pro,DM,gpk~,Nightfall,Save-,illias
6034687123,Nigma,iLTW,Miracle-,MinD_ContRoL,KuroKy,Gh
6033930417,Alliance,NikobabyÈæôÁöÑ‰º†‰∫∫,LIMMP,s4,Handsken,Fng
6033930417,PSG.LGD,ËêßÁëü,NothingToSay,Faith_bian,XinQ,y`
6034022746,PSG.LGD,ËêßÁëü,NothingToSay,Faith_bian,XinQ,y`
6034022746,Alliance,NikobabyÈæôÁöÑ‰º†‰∫∫,LIMMP,s4,Handsken,Fng
6033763787,T1,23,Karl,Ku,Whitemon,Xepher
6033763787,Team Aster,Monet,White‰∏∂Album_ÁôΩÂ≠¶ÂÆ∂,Xxs,LaNm,Borax
6033828511,Team Aster,Monet,White‰∏∂Album_ÁôΩÂ≠¶ÂÆ∂,Xxs,LaNm,Borax
6033828511,T1,23,Karl,Ku,Whitemon,Xepher
6034417665,Quincy Crew,YS,Quinn,LESL√ÉO,MSS,LoA
6034417665,NoPing Esports,hFn k3,DarkMago‚ô•,Oscar,Pandaboo,Matthew
6034484929,NoPing Esports,hFn k3,DarkMago‚ô•,Oscar,Pandaboo,Matthew
6034484929,Quincy Crew,YS,Quinn,LESL√ÉO,MSS,LoA
6034561846,NoPing Esports,hFn k3,DarkMago‚ô•,Oscar,Pandaboo,Matthew
6034561846,Quincy Crew,YS,Quinn,LESL√ÉO,MSS,LoA
6037154028,Nigma,iLTW,Miracle-,MinD_ContRoL,KuroKy,Gh
6037154028,PSG.LGD,ËêßÁëü,NothingToSay,Faith_bian,XinQ,y`
6037257217,PSG.LGD,ËêßÁëü,NothingToSay,Faith_bian,XinQ,y`
6037257217,Nigma,iLTW,Miracle-,MinD_ContRoL,KuroKy,Gh
6037335318,PSG.LGD,ËêßÁëü,NothingToSay,Faith_bian,XinQ,y`
6037335318,Nigma,iLTW,Miracle-,MinD_ContRoL,KuroKy,Gh
6037420834,T1,23,Karl,Ku,Whitemon,Xepher
6037420834,Quincy Crew,YS,Quinn,LESL√ÉO,MSS,LoA
6037504112,Quincy Crew,LESL√ÉO,Quinn,YS,MSS,LoA
6037504112,T1,23,Karl,Ku,Whitemon,Xepher
6037565900,Quincy Crew,YS,Quinn,LESL√ÉO,MSS,LoA
6037565900,T1,23,Karl,Ku,Whitemon,Xepher
6038968530,PSG.LGD,ËêßÁëü,NothingToSay,Faith_bian,XinQ,y`
6038968530,T1,23,Karl,Ku,Whitemon,Xepher
6039044857,T1,23,Karl,Ku,Whitemon,Xepher
6039044857,PSG.LGD,ËêßÁëü,NothingToSay,Faith_bian,XinQ,y`
6039119756,PSG.LGD,ËêßÁëü,NothingToSay,Faith_bian,XinQ,y`
6039119756,T1,23,Karl,Ku,Whitemon,Xepher
6035807546,Virtus.pro,Nightfall,gpk~,DM,Save-,illias
6035807546,Vici Gaming,poyoyo,,old eLeVeN,Dy,Pyw
6035901389,Virtus.pro,Nightfall,gpk~,DM,Save-,illias
6035901389,Vici Gaming,poyoyo,,old eLeVeN,Pyw,Dy
6035455715,Team Spirit,Yatoro,TORONTOTOKYO,Collapse,Miposhka,Mira
6035455715,Alliance,NikobabyÈæôÁöÑ‰º†‰∫∫,LIMMP,s4,Handsken,Fng
6035584181,Alliance,NikobabyÈæôÁöÑ‰º†‰∫∫,LIMMP,s4,Handsken,Fng
6035584181,Team Spirit,Yatoro,TORONTOTOKYO,Collapse,Miposhka,Mira
6035690975,Alliance,NikobabyÈæôÁöÑ‰º†‰∫∫,LIMMP,s4,Handsken,Fng
6035690975,Team Spirit,Yatoro,TORONTOTOKYO,Collapse,Miposhka,Mira
6035159079,Team Aster,Xxs,White‰∏∂Album_ÁôΩÂ≠¶ÂÆ∂,Monet,LaNm,Borax
6035159079,TNC Predator,Bok,Armel,Gabbi,Boomy,Tims
6035334054,TNC Predator,Gabbi,Armel,Bok,Boomy,Tims
6035334054,Team Aster,Monet,White‰∏∂Album_ÁôΩÂ≠¶ÂÆ∂,Xxs,LaNm,Borax
6036054100,Evil Geniuses,Arteezy,Abed,iceiceice,Fly,Cr1t-
6036054100,NoPing Esports,hFn k3,DarkMago‚ô•,Oscar,Pandaboo,Matthew
6036109553,NoPing Esports,hFn k3,DarkMago‚ô•,Oscar,Pandaboo,Matthew
6036109553,Evil Geniuses,Arteezy,Abed,iceiceice,Fly,Cr1t-
6036146532,NoPing Esports,hFn k3,DarkMago‚ô•,Oscar,Pandaboo,Matthew
6036146532,Evil Geniuses,Arteezy,Abed,iceiceice,Fly,Cr1t-
6036563229,Team Spirit,Yatoro,TORONTOTOKYO,Collapse,Miposhka,Mira
6036563229,Vici Gaming,poyoyo,,old eLeVeN,Dy,Pyw
6036636251,Team Spirit,Yatoro,TORONTOTOKYO,Collapse,Miposhka,Mira
6036636251,Vici Gaming,poyoyo,,old eLeVeN,Dy,Pyw
6036747392,Evil Geniuses,Arteezy,Abed,iceiceice,Fly,Cr1t-
6036747392,TNC Predator,Gabbi,Armel,Bok,Boomy,Tims
6036850305,TNC Predator,Gabbi,Armel,Bok,Boomy,Tims
6036850305,Evil Geniuses,Arteezy,Abed,iceiceice,Fly,Cr1t-
6036978461,TNC Predator,Gabbi,Armel,Bok,Boomy,Tims
6036978461,Evil Geniuses,Arteezy,Abed,iceiceice,Fly,Cr1t-
6038301641,Quincy Crew,LESL√ÉO,Quinn,YS,MSS,LoA
6038301641,Vici Gaming,poyoyo,,old eLeVeN,Pyw,Dy
6038489826,Quincy Crew,LESL√ÉO,Quinn,YS,MSS,LoA
6038489826,Vici Gaming,poyoyo,,old eLeVeN,Dy,Pyw
6038118011,Evil Geniuses,iceiceice,Abed,Arteezy,Fly,Cr1t-
6038118011,Nigma,iLTW,Miracle-,MinD_ContRoL,KuroKy,Gh
6038190628,Nigma,iLTW,Miracle-,MinD_ContRoL,KuroKy,Gh
6038190628,Evil Geniuses,Arteezy,Abed,iceiceice,Fly,Cr1t-
6038642649,Evil Geniuses,iceiceice,Abed,Arteezy,Fly,Cr1t-
6038642649,Vici Gaming,poyoyo,,old eLeVeN,Dy,Pyw
6038753175,Vici Gaming,poyoyo,,old eLeVeN,Dy,Pyw
6038753175,Evil Geniuses,Arteezy,Abed,iceiceice,Fly,Cr1t-
6038835198,Evil Geniuses,Arteezy,Abed,iceiceice,Fly,Cr1t-
6038835198,Vici Gaming,poyoyo,,old eLeVeN,Dy,Pyw
6040147446,T1,23,Karl,Ku,Whitemon,Xepher
6040147446,Evil Geniuses,iceiceice,Abed,Arteezy,Fly,Cr1t-
6040270220,Evil Geniuses,Arteezy,Abed,iceiceice,Fly,Cr1t-
6040270220,T1,23,Karl,Ku,Whitemon,Xepher
6040431300,T1,23,Karl,Ku,Whitemon,Xepher
6040431300,Evil Geniuses,iceiceice,Abed,Arteezy,Fly,Cr1t-
6040639859,PSG.LGD,ËêßÁëü,NothingToSay,Faith_bian,XinQ,y`
6040639859,Evil Geniuses,Arteezy,Abed,iceiceice,Fly,Cr1t-
6040722034,Evil Geniuses,Arteezy,Abed,iceiceice,Fly,Cr1t-
6040722034,PSG.LGD,ËêßÁëü,NothingToSay,Faith_bian,XinQ,y`
6040802788,PSG.LGD,ËêßÁëü,NothingToSay,Faith_bian,XinQ,y`
6040802788,Evil Geniuses,Arteezy,Abed,iceiceice,Fly,Cr1t-